code,p17the,p17hong,p17kuk,p17yoo,p17jung,p17valid,r17the,r17hong,r17kuk,r17yoo,r17jung,win17r,winner17,wingap17,sec17r,sec17,third17r,third17,forth17r,forth17,last17r,last17,r17han,p16the,p16han,p16kuk,p16jung,p16valid,r16the,r16han,r16kuk,r16jung,d_the,d_han,d_kuk,d_jung
11010,35619,20043,19435,6173,5739,87460,0.407260462,0.229167619,0.22221587,0.070580837,0.065618568,0.407260462,1,0.178092842,0.229167619,2,0.22221587,3,0.070580837,4,0.065618568,5,0.299748456,21413,25103,19597,6713,78519,0.292513399,0.342920836,0.267705837,0.091703285,0.114747063,-0.043172379,-0.045489967,-0.026084717
11020,28521,16107,17042,5022,4117,71144,0.40089115,0.226399978,0.239542337,0.070589227,0.057868548,0.40089115,1,0.161348814,0.239542337,3,0.226399978,2,0.070589227,4,0.057868548,5,0.296989205,12168,19293,19641,4204,59606,0.21897631,0.347198385,0.353461021,0.075655523,0.18191484,-0.05020918,-0.113918685,-0.017786975
11030,48639,31508,27910,10134,7985,126692,0.383915322,0.248697629,0.220298046,0.079989265,0.063026868,0.383915322,1,0.135217693,0.248697629,2,0.220298046,3,0.079989265,4,0.063026868,5,0.328686894,24463,36889,28291,8986,106800,0.247020302,0.372494458,0.28567434,0.09073803,0.13689502,-0.043807564,-0.065376294,-0.027711162
11040,74166,36797,40268,13691,10771,176361,0.420535152,0.208645902,0.228327124,0.077630542,0.061073593,0.420535152,1,0.192208028,0.228327124,3,0.208645902,2,0.077630542,4,0.061073593,5,0.286276444,36385,43214,39730,11104,139954,0.277898883,0.330056956,0.303447097,0.084809378,0.142636269,-0.043780512,-0.075119973,-0.023735784
11050,90288,42189,46738,14895,13881,208717,0.43258575,0.202134948,0.22393001,0.071364575,0.066506322,0.43258575,1,0.20865574,0.22393001,3,0.202134948,2,0.071364575,4,0.066506322,5,0.273499523,43929,49608,48750,13371,167944,0.281233201,0.317590126,0.312097215,0.085601064,0.151352549,-0.044090603,-0.088167204,-0.019094742
11060,84273,47557,47388,12908,12430,205481,0.41012551,0.231442323,0.230619863,0.06281846,0.060492211,0.41012551,1,0.178683187,0.231442323,2,0.230619863,3,0.06281846,4,0.060492211,5,0.294260783,43811,53757,45877,12705,168791,0.279306942,0.342715374,0.292478249,0.080997802,0.130818569,-0.048454591,-0.061858386,-0.020505591
11070,96603,51961,56252,13954,14397,234166,0.412540676,0.221898141,0.240222748,0.059590205,0.061482026,0.412540676,1,0.172317928,0.240222748,3,0.221898141,2,0.061482026,5,0.059590205,4,0.281488346,50359,56997,50886,11532,185218,0.295358289,0.334290522,0.298449173,0.067635811,0.117182387,-0.052802177,-0.058226425,-0.006153785
11080,110308,52470,58881,16980,16938,256599,0.429884762,0.20448248,0.229466989,0.06617329,0.06600961,0.429884762,1,0.200417772,0.229466989,3,0.20448248,2,0.06617329,4,0.06600961,5,0.27065577,54525,60596,60269,18268,210120,0.280431658,0.311655878,0.30997406,0.093955535,0.149453103,-0.041000108,-0.080507071,-0.027945925
11090,77712,38778,46334,10346,11464,185481,0.418975528,0.209067236,0.249804562,0.055779298,0.06180687,0.418975528,1,0.169170966,0.249804562,3,0.209067236,2,0.06180687,5,0.055779298,4,0.264846534,37717,45169,41617,9897,146411,0.279350931,0.334544163,0.308236278,0.073302123,0.139624598,-0.069697629,-0.058431716,-0.011495253
11100,82392,43710,49778,12688,12695,202116,0.407647094,0.216261949,0.246284312,0.062775832,0.062810465,0.407647094,1,0.161362782,0.246284312,3,0.216261949,2,0.062810465,5,0.062775832,4,0.27903778,40140,51892,46695,11635,162287,0.2658291,0.343657292,0.309239906,0.077053353,0.141817993,-0.064619511,-0.062955594,-0.014242888
11110,136762,61535,85859,21624,20811,327873,0.417118823,0.187679376,0.261866637,0.065952366,0.063472747,0.417118823,1,0.155252186,0.261866637,3,0.187679376,2,0.065952366,4,0.063472747,5,0.253631742,64596,77269,91860,22471,276590,0.251149223,0.300421842,0.357151645,0.087367239,0.1659696,-0.046790101,-0.095285007,-0.023894492
11120,120445,54979,64531,16842,18504,276865,0.435031514,0.198576924,0.233077493,0.060831091,0.066834017,0.435031514,1,0.201954021,0.233077493,3,0.198576924,2,0.066834017,5,0.060831091,4,0.259408015,56563,58886,61532,20933,218612,0.284181401,0.295852518,0.309146438,0.105170682,0.150850113,-0.036444503,-0.076068945,-0.038336665
11130,78913,36489,40414,12433,12289,181266,0.435343639,0.201300851,0.222954112,0.068589807,0.067795395,0.435343639,1,0.212389527,0.222954112,3,0.201300851,2,0.068589807,4,0.067795395,5,0.269890658,41233,45058,38435,13850,151892,0.296352905,0.323844231,0.27624291,0.099543757,0.138990734,-0.053953573,-0.053288798,-0.031748362
11140,99926,41914,46090,16331,16604,221678,0.450770938,0.189076047,0.207914182,0.073669918,0.074901434,0.450770938,1,0.242856756,0.207914182,3,0.189076047,2,0.074901434,5,0.073669918,4,0.262745965,50964,52069,49330,21010,189245,0.292877729,0.299227895,0.283487528,0.120739367,0.157893209,-0.03648193,-0.075573346,-0.045837933
11150,115558,55415,63561,20055,16357,271939,0.424940887,0.203777318,0.233732565,0.073748157,0.060149519,0.424940887,1,0.191208322,0.233732565,3,0.203777318,2,0.073748157,4,0.060149519,5,0.277525474,57060,65251,64668,18036,222135,0.277304794,0.317112077,0.314278766,0.087652809,0.147636094,-0.039586602,-0.080546201,-0.02750329
11160,151889,69916,78321,23927,21964,347416,0.437196329,0.201245769,0.225438667,0.068871324,0.063221038,0.437196329,1,0.211757662,0.225438667,3,0.201245769,2,0.068871324,4,0.063221038,5,0.270117093,71884,80469,76680,22777,274388,0.284319655,0.318275531,0.303289065,0.090088876,0.152876675,-0.048158438,-0.077850398,-0.026867839
11170,104472,54399,54955,14818,14744,244339,0.427569893,0.222637401,0.224912928,0.060645251,0.060342393,0.427569893,1,0.202656964,0.224912928,3,0.222637401,2,0.060645251,4,0.060342393,5,0.283282652,56114,59144,53873,17286,204261,0.299841736,0.316032356,0.287867089,0.092366686,0.127728157,-0.032749703,-0.06295416,-0.032024293
11180,57910,28616,32762,7596,8243,135718,0.426693585,0.210848966,0.241397604,0.055968995,0.060736232,0.426693585,1,0.185295981,0.241397604,3,0.210848966,2,0.060736232,5,0.055968995,4,0.266817961,27214,30666,31561,7131,106151,0.280572976,0.316162669,0.325390009,0.073519729,0.146120609,-0.049344708,-0.083992405,-0.012783496
11190,89975,48825,47404,15506,12699,215283,0.417938249,0.226794498,0.220193884,0.072026124,0.058987472,0.417938249,1,0.19114375,0.226794498,2,0.220193884,3,0.072026124,4,0.058987472,5,0.298820622,45789,57649,51125,16314,183766,0.266876801,0.336001675,0.297977166,0.095084586,0.151061448,-0.037181053,-0.077783281,-0.036097114
11200,102431,48954,52642,17449,14481,236792,0.432577959,0.206738403,0.222313254,0.073689145,0.061154938,0.432577959,1,0.210264705,0.222313254,3,0.206738403,2,0.073689145,4,0.061154938,5,0.280427548,47341,58341,59258,18245,198208,0.25752142,0.317358256,0.322346472,0.099247551,0.175056539,-0.036930707,-0.100033218,-0.038092613
11210,134750,54447,70154,20147,20741,301600,0.44678382,0.180527188,0.232606101,0.066800398,0.068769894,0.44678382,1,0.214177719,0.232606101,3,0.180527188,2,0.068769894,5,0.066800398,4,0.247327586,65100,63246,76339,23258,247816,0.284308927,0.276212019,0.333392614,0.101573841,0.162474893,-0.028884432,-0.100786513,-0.032803947
11220,88413,66974,55234,25307,13308,250064,0.353561488,0.267827436,0.220879455,0.101202092,0.053218376,0.353561488,1,0.085734052,0.267827436,2,0.220879455,3,0.101202092,4,0.053218376,5,0.369029528,41919,71983,55879,16394,198810,0.224413588,0.385361371,0.299148522,0.087765366,0.1291479,-0.016331843,-0.078269067,-0.03454699
11230,107960,87993,69548,31507,16599,314751,0.343001293,0.279563846,0.220961967,0.10010135,0.052736925,0.343001293,1,0.063437447,0.279563846,2,0.220961967,3,0.10010135,4,0.052736925,5,0.379665196,51993,92373,65871,18580,243821,0.226399373,0.402230863,0.286830017,0.080905128,0.11660192,-0.022565667,-0.06586805,-0.028168203
11240,153191,90218,87954,32937,21998,387595,0.395234717,0.232763581,0.226922432,0.084977876,0.056755118,0.395234717,1,0.162471136,0.232763581,2,0.226922432,3,0.084977876,4,0.056755118,5,0.317741457,75441,97915,88596,22437,305342,0.264386293,0.343147412,0.310488568,0.078631451,0.130848423,-0.025405955,-0.083566136,-0.021876332
11250,106208,60596,60294,18807,15378,262275,0.404949004,0.231039939,0.229888476,0.071707178,0.058633114,0.404949004,1,0.173909065,0.231039939,2,0.229888476,3,0.071707178,4,0.058633114,5,0.302747117,52519,67764,60891,15007,211592,0.266694318,0.344109251,0.309207786,0.076206356,0.138254686,-0.041362134,-0.07931931,-0.017573242
21010,8226,9876,4097,1571,1025,24890,0.330494174,0.396785858,0.164604259,0.063117718,0.041181197,0.396785858,2,0.066291683,0.330494174,1,0.164604259,3,0.063117718,4,0.041181197,5,0.459903576,4196,9280,3288,860,19299,0.237175711,0.524544947,0.185851701,0.048610846,0.093318463,-0.064641372,-0.021247442,-0.007429649
21020,20672,24406,10465,4227,2575,62637,0.330028577,0.389641905,0.167073774,0.067484075,0.041109887,0.389641905,2,0.059613328,0.330028577,1,0.167073774,3,0.067484075,4,0.041109887,5,0.45712598,10290,21707,8525,2384,47621,0.238708579,0.50356143,0.19776391,0.0553043,0.091319999,-0.04643545,-0.030690136,-0.014194413
21030,16522,20706,8658,3051,2073,51246,0.322405651,0.404051048,0.168949772,0.059536354,0.040451938,0.404051048,2,0.081645397,0.322405651,1,0.168949772,3,0.059536354,4,0.040451938,5,0.463587402,8147,18227,6913,1817,38978,0.231013022,0.516837407,0.196022219,0.051522114,0.091392629,-0.053250005,-0.027072448,-0.011070176
21040,26072,23640,11708,4699,2835,69251,0.376485538,0.341366912,0.169066151,0.067854616,0.040938037,0.376485538,1,0.035118626,0.341366912,2,0.169066151,3,0.067854616,4,0.040938037,5,0.409221527,13430,25013,8675,2460,54859,0.269724518,0.502354383,0.174226373,0.04940598,0.106761021,-0.093132855,-0.005160222,-0.008467943
21050,82208,74206,36107,14558,10110,218065,0.376988513,0.340293032,0.16557907,0.066759911,0.046362323,0.376988513,1,0.036695481,0.340293032,2,0.16557907,3,0.066759911,4,0.046362323,5,0.407052943,42661,67193,33092,8562,164536,0.280444758,0.441713148,0.217540093,0.056284851,0.096543755,-0.034660205,-0.051961023,-0.009922528
21060,58182,55339,26658,11391,7301,159443,0.364907835,0.347077012,0.167194546,0.071442459,0.045790659,0.364907835,1,0.017830824,0.347077012,2,0.167194546,3,0.071442459,4,0.045790659,5,0.418519471,26460,47540,26662,6896,117532,0.245124259,0.440408438,0.246995578,0.063884236,0.119783576,-0.021888967,-0.079801032,-0.018093577
21070,59480,54932,27436,11239,7356,161089,0.369236881,0.341004041,0.170315788,0.069768886,0.045664198,0.369236881,1,0.02823284,0.341004041,2,0.170315788,3,0.069768886,4,0.045664198,5,0.410772927,33229,50941,25697,6904,126455,0.283424351,0.434497573,0.219180702,0.058887168,0.085812531,-0.023724646,-0.048864914,-0.01322297
21080,73174,57006,29182,12679,8461,181257,0.403703029,0.314503716,0.16099792,0.069950402,0.046679577,0.403703029,1,0.089199314,0.314503716,2,0.16099792,3,0.069950402,4,0.046679577,5,0.384454118,44391,56022,27220,7541,147014,0.327031054,0.412717301,0.200531308,0.055554981,0.076671976,-0.028263183,-0.039533388,-0.008875405
21090,89057,74961,43072,18192,10602,236835,0.376029725,0.316511495,0.181865012,0.076812971,0.044765343,0.376029725,1,0.05951823,0.316511495,2,0.181865012,3,0.076812971,4,0.044765343,5,0.393324466,41771,66373,36429,11675,170629,0.266264339,0.423086902,0.232212387,0.074420918,0.109765386,-0.029762436,-0.050347375,-0.029655575
21100,72222,60999,32988,12993,9035,189014,0.382098681,0.322722126,0.174526755,0.06874094,0.047800692,0.382098681,1,0.059376554,0.322722126,2,0.174526755,3,0.06874094,4,0.047800692,5,0.391463066,36606,61847,27833,7621,144955,0.272245064,0.459966685,0.206998767,0.056678677,0.109853616,-0.068503619,-0.032472013,-0.008877985
21110,51878,50655,23640,11425,6828,145039,0.357683106,0.349250891,0.162990644,0.078771917,0.047076993,0.357683106,1,0.008432215,0.349250891,2,0.162990644,3,0.078771917,4,0.047076993,5,0.428022808,25601,45521,20370,7907,108548,0.256469368,0.456026799,0.204065506,0.079211878,0.101213738,-0.028003991,-0.041074862,-0.032134885
21120,25938,16512,9196,4091,2549,58499,0.443392195,0.282261235,0.157199268,0.069932819,0.043573394,0.443392195,1,0.16113096,0.282261235,2,0.157199268,3,0.069932819,4,0.043573394,5,0.352194055,10626,14461,7934,2159,38320,0.300946839,0.409560723,0.224704707,0.061146643,0.142445356,-0.057366668,-0.067505439,-0.017573248
21130,44887,40914,20544,8495,5650,120881,0.371332137,0.338465102,0.169952267,0.070275726,0.046740182,0.371332137,1,0.032867035,0.338465102,2,0.169952267,3,0.070275726,4,0.046740182,5,0.408740828,24961,37878,19081,5474,95099,0.284690728,0.432014559,0.217626849,0.062433278,0.086641408,-0.023273731,-0.047674582,-0.015693095
21140,36948,36752,17937,7157,4904,104102,0.354921135,0.353038366,0.172302165,0.06874988,0.047107644,0.354921135,1,0.001882769,0.353038366,2,0.172302165,3,0.06874988,4,0.047107644,5,0.421788246,16176,31800,18974,4529,77387,0.225425986,0.443159393,0.264418438,0.063115374,0.129495149,-0.021371147,-0.092116273,-0.01600773
21150,54175,43609,20646,8719,6113,133802,0.404889314,0.325921885,0.154302626,0.06516345,0.045686911,0.404889314,1,0.078967429,0.325921885,2,0.154302626,3,0.06516345,4,0.045686911,5,0.391085335,30737,42873,17652,4872,109004,0.318440418,0.444171391,0.182877648,0.050474728,0.086448896,-0.053086056,-0.028575022,-0.004787818
21310,33752,23807,13979,5726,4148,81768,0.412777615,0.291153018,0.170959299,0.070027395,0.050728891,0.412777615,1,0.121624596,0.291153018,2,0.170959299,3,0.070027395,4,0.050728891,5,0.361180413,15127,22261,11458,4416,59422,0.282774593,0.416133087,0.214188622,0.082549917,0.130003022,-0.054952674,-0.043229322,-0.031821026
22010,9505,22711,6199,5066,1927,45669,0.208128052,0.497295759,0.13573759,0.110928639,0.042194924,0.497295759,2,0.289167707,0.208128052,1,0.13573759,3,0.110928639,4,0.042194924,5,0.608224397,5124,18345,5469,1773,34088,0.165892226,0.593929135,0.177061785,0.057401818,0.042235826,0.014295263,-0.041324195,-0.015206894
22020,40005,93013,27378,31733,7971,201206,0.198826079,0.462277467,0.136069501,0.157713985,0.039616115,0.462277467,2,0.263451388,0.198826079,1,0.157713985,4,0.136069501,3,0.039616115,5,0.619991452,21505,75785,24928,8463,148648,0.163656462,0.576735875,0.189706035,0.064404773,0.035169616,0.043255576,-0.053636535,-0.024788658
22030,18639,64665,15665,10680,4543,114872,0.162258862,0.562930914,0.136369176,0.092973048,0.039548367,0.562930914,2,0.400672052,0.162258862,1,0.136369176,3,0.092973048,4,0.039548367,5,0.655903963,9293,48593,10872,3294,81982,0.128212803,0.670423407,0.149997804,0.045446354,0.034046059,-0.014519444,-0.013628628,-0.005897988
22040,16367,46437,12063,8793,3660,87821,0.186367725,0.528768746,0.137358946,0.100124116,0.041675681,0.528768746,2,0.34240102,0.186367725,1,0.137358946,3,0.100124116,4,0.041675681,5,0.628892862,8774,36098,9473,2844,63427,0.152545878,0.627604411,0.164698781,0.049446145,0.033821847,0.001288451,-0.027339835,-0.007770464
22050,54095,113497,37527,29913,11850,248147,0.217995785,0.457378086,0.151228909,0.120545483,0.047753952,0.457378086,2,0.239382302,0.217995785,1,0.151228909,3,0.120545483,4,0.047753952,5,0.577923569,26132,92861,31529,12558,181154,0.159423502,0.566517136,0.192348982,0.076612595,0.058572283,0.011406433,-0.041120073,-0.028858643
22060,55205,113112,37953,33354,10433,251219,0.219748506,0.450252568,0.151075357,0.13276862,0.041529502,0.450252568,2,0.230504062,0.219748506,1,0.151075357,3,0.13276862,4,0.041529502,5,0.583021189,36010,106661,36480,12905,209563,0.186630137,0.552795254,0.189066021,0.066883141,0.033118369,0.030225935,-0.037990664,-0.025353639
22070,71303,154269,51178,40111,16021,334798,0.212973196,0.460782322,0.152862323,0.11980657,0.047852735,0.460782322,2,0.247809127,0.212973196,1,0.152862323,3,0.11980657,4,0.047852735,5,0.580588892,38275,116360,41592,12592,229660,0.182243751,0.554040048,0.198037415,0.059955932,0.030729445,0.026548845,-0.045175093,-0.012103197
22310,26851,54652,18664,13651,6168,120657,0.222539927,0.452953413,0.154686425,0.113138898,0.051120117,0.452953413,2,0.230413486,0.222539927,1,0.154686425,3,0.113138898,4,0.051120117,5,0.566092311,11170,41267,12247,4201,78497,0.16125254,0.595739351,0.176800345,0.060646546,0.061287388,-0.029647039,-0.02211392,-0.009526429
23010,23866,14468,13493,3533,4076,59752,0.399417593,0.242134155,0.225816709,0.059127728,0.06821529,0.399417593,1,0.157283438,0.242134155,2,0.225816709,3,0.06821529,5,0.059127728,4,0.301261882,8870,16200,11368,4319,45056,0.216480378,0.395375663,0.277446329,0.105409104,0.182937214,-0.09411378,-0.05162962,-0.037193814
23020,14556,10761,9560,2192,2902,40214,0.361963495,0.267593375,0.237728154,0.05450838,0.072163923,0.361963495,1,0.09437012,0.267593375,2,0.237728154,3,0.072163923,5,0.05450838,4,0.322101756,5796,12739,7143,4099,33537,0.193470688,0.425228277,0.238433596,0.136824767,0.168492807,-0.103126521,-0.000705442,-0.064660844
23030,83761,56388,54966,13656,15832,225694,0.371126392,0.249842707,0.243542141,0.060506704,0.070148077,0.371126392,1,0.121283685,0.249842707,2,0.243542141,3,0.070148077,5,0.060506704,4,0.310349411,34697,60794,41204,11396,166559,0.233162552,0.408533423,0.27688935,0.076580697,0.137963841,-0.098184012,-0.033347209,-0.00643262
23040,75343,38483,43087,13999,12683,184436,0.408504847,0.208652324,0.233614912,0.075901668,0.068766401,0.408504847,1,0.174889935,0.233614912,3,0.208652324,2,0.075901668,4,0.068766401,5,0.284553992,34305,45329,37902,10770,138462,0.266149474,0.351677292,0.294056183,0.083557203,0.142355373,-0.067123301,-0.060441271,-0.014790801
23050,119542,61003,69710,18808,20343,290822,0.411048683,0.20976061,0.239699885,0.064671861,0.069950004,0.411048683,1,0.171348798,0.239699885,3,0.20976061,2,0.069950004,5,0.064671861,4,0.274432471,59543,69446,55171,15054,217789,0.297434355,0.346902679,0.275594962,0.075199046,0.113614327,-0.072470209,-0.035895077,-0.005249042
23060,129246,61578,74402,19155,21600,307417,0.420425676,0.200307725,0.24202305,0.062309501,0.070262868,0.420425676,1,0.178402626,0.24202305,3,0.200307725,2,0.070262868,5,0.062309501,4,0.262617227,57059,69631,70314,17006,233588,0.26537296,0.32384347,0.327020002,0.079092388,0.155052716,-0.061226244,-0.084996952,-0.00882952
23070,78136,34312,43644,11775,13767,182553,0.428018165,0.187956374,0.239075775,0.064501816,0.075413715,0.428018165,1,0.188942389,0.239075775,3,0.187956374,2,0.075413715,5,0.064501816,4,0.25245819,39499,41554,39101,9850,142950,0.30229959,0.31802722,0.299253558,0.075385477,0.125718574,-0.06556903,-0.060177783,2.82E-05
23080,116767,51598,64928,18404,19656,272559,0.428409996,0.189309471,0.238216313,0.067522995,0.072116496,0.428409996,1,0.190193683,0.238216313,3,0.189309471,2,0.072116496,5,0.067522995,4,0.256832466,60785,70890,59930,15852,226440,0.291704029,0.340197395,0.287600929,0.076072917,0.136705966,-0.083364929,-0.049384616,-0.003956421
23310,9753,15586,8252,1788,1775,37463,0.260336866,0.416037157,0.220270667,0.047727091,0.047380082,0.416037157,2,0.155700291,0.260336866,1,0.220270667,3,0.047727091,4,0.047380082,5,0.463764247,3580,16460,5074,1510,32271,0.133356057,0.61313986,0.189007998,0.056247946,0.126980809,-0.149375613,0.031262669,-0.008867864
23320,2741,4970,2352,608,403,11207,0.244579281,0.443472829,0.209868832,0.054251807,0.035959668,0.443472829,2,0.198893549,0.244579281,1,0.209868832,3,0.054251807,4,0.035959668,5,0.497724636,1045,5785,1420,330,10319,0.120349461,0.666240796,0.163537067,0.038005093,0.12422982,-0.16851616,0.046331765,-0.002045425
24010,30279,1121,20378,1068,2048,55115,0.549378572,0.020339291,0.369736007,0.019377665,0.037158668,0.549378572,1,0.179642566,0.369736007,3,0.037158668,5,0.020339291,2,0.019377665,4,0.039716955,12026,1789,26472,2881,47954,0.277468916,0.041276558,0.610773087,0.06647164,0.271909656,-0.001559603,-0.241037081,-0.029312972
24020,105732,2686,55014,3628,7460,175271,0.603248683,0.01532484,0.313879649,0.020699374,0.04256266,0.603248683,1,0.289369034,0.313879649,3,0.04256266,5,0.020699374,4,0.01532484,2,0.036024214,37046,3738,72650,10846,135948,0.296807737,0.02994837,0.582062357,0.086896742,0.306440947,0.006075844,-0.268182708,-0.044334082
24030,71086,2153,41681,2324,4695,122502,0.580284404,0.017575223,0.340247506,0.018971119,0.038325905,0.580284404,1,0.240036897,0.340247506,3,0.038325905,5,0.018971119,4,0.017575223,2,0.036546342,25492,2728,54619,6322,99374,0.284595762,0.030455721,0.609773103,0.07057957,0.295688641,0.006090621,-0.269525597,-0.032253666
24040,152070,3608,78668,4974,10773,251077,0.60567077,0.014370094,0.313322208,0.019810656,0.042907156,0.60567077,1,0.292348562,0.313322208,3,0.042907156,5,0.019810656,4,0.014370094,2,0.034180749,52943,4871,108701,12469,196812,0.294638125,0.027108065,0.604942275,0.069392418,0.311032645,0.007072684,-0.291620067,-0.026485262
24050,138873,3028,58043,4408,10536,216004,0.64291865,0.014018259,0.268712616,0.020407029,0.048776875,0.64291865,1,0.374206033,0.268712616,3,0.048776875,5,0.020407029,4,0.014018259,2,0.034425288,49016,4283,81290,12990,163204,0.330417982,0.028871801,0.547977757,0.087565888,0.312500668,0.005553487,-0.279265141,-0.038789014
25010,49392,30537,31058,6468,7889,125981,0.39205912,0.242393694,0.246529239,0.051341075,0.062620554,0.39205912,1,0.145529881,0.246529239,3,0.242393694,2,0.062620554,5,0.051341075,4,0.29373477,26354,36031,25868,5145,101973,0.280742048,0.383828517,0.275564821,0.054808296,0.111317072,-0.090093747,-0.029035583,0.007812258
25020,53116,34957,33550,7492,8262,138058,0.38473685,0.253205175,0.243013806,0.054267047,0.059844413,0.38473685,1,0.131531675,0.253205175,2,0.243013806,3,0.059844413,5,0.054267047,4,0.307472222,25394,38217,29868,6194,108703,0.253516386,0.381532478,0.298181753,0.061836674,0.131220463,-0.074060256,-0.055167947,-0.001992261
25030,114722,54622,62471,17033,18098,267975,0.4281071,0.203832447,0.233122493,0.063561899,0.067536151,0.4281071,1,0.194984607,0.233122493,3,0.203832447,2,0.067536151,5,0.063561899,4,0.267394346,59411,63474,56311,16187,212051,0.302906942,0.323622145,0.287101594,0.082529408,0.125200157,-0.056227798,-0.053979102,-0.014993257
25040,87794,31439,40695,13548,12180,186253,0.471369589,0.168797281,0.218493125,0.072739768,0.06539492,0.471369589,1,0.252876464,0.218493125,3,0.168797281,2,0.072739768,4,0.06539492,5,0.241537049,43918,34957,41069,15560,146418,0.323069643,0.257150724,0.302111826,0.11446249,0.148299946,-0.015613675,-0.083618701,-0.04906757
25050,40946,23749,25580,5809,7066,103676,0.394941934,0.229069409,0.246730198,0.056030325,0.068154636,0.394941934,1,0.148211737,0.246730198,3,0.229069409,2,0.068154636,5,0.056030325,4,0.285099734,20816,28168,21409,4458,83023,0.276688221,0.374411694,0.284570433,0.059256153,0.118253713,-0.08931196,-0.037840235,0.008898482
26010,49513,44517,23466,10683,10719,139602,0.354672569,0.318885116,0.168092148,0.076524692,0.076782568,0.354672569,1,0.035787453,0.318885116,2,0.168092148,3,0.076782568,5,0.076524692,4,0.395409808,20645,39339,21403,7772,103870,0.230384921,0.438997937,0.238843713,0.086730521,0.124287648,-0.043588129,-0.070751566,-0.009947953
26020,70495,58925,34631,15913,13867,194672,0.362121928,0.302688625,0.177894099,0.081742623,0.071232637,0.362121928,1,0.059433303,0.302688625,2,0.177894099,3,0.081742623,4,0.071232637,5,0.384431248,33808,54529,30735,11077,144885,0.258641607,0.417163635,0.235132211,0.08474246,0.103480321,-0.032732387,-0.057238112,-0.013509822
26030,39941,22060,17283,7244,10368,97429,0.40994981,0.226421291,0.177390715,0.074351579,0.106415954,0.40994981,1,0.183528518,0.226421291,2,0.177390715,3,0.106415954,5,0.074351579,4,0.300772871,17830,26534,18096,7257,85016,0.25434913,0.378513731,0.258143682,0.103522806,0.15560068,-0.07774086,-0.080752967,0.002893148
26040,46033,24351,17622,8669,11387,108642,0.423712745,0.224139835,0.162202463,0.079794186,0.104812135,0.423712745,1,0.199572909,0.224139835,2,0.162202463,3,0.104812135,5,0.079794186,4,0.303934022,18337,26701,16181,11414,85353,0.251113205,0.365652707,0.221588197,0.156307255,0.172599539,-0.061718686,-0.059385734,-0.051495119
26310,41096,38512,20391,9252,7712,117693,0.349179645,0.327224219,0.173255844,0.078611302,0.065526412,0.349179645,1,0.021955426,0.327224219,2,0.173255844,3,0.078611302,4,0.065526412,5,0.405835521,19725,37982,18851,6066,94365,0.237251333,0.456845634,0.226738904,0.072961551,0.111928312,-0.051010113,-0.05348306,-0.007435139
29010,64561,20297,27374,7249,7424,127480,0.506440226,0.159217132,0.214731723,0.056863822,0.058236586,0.506440226,1,0.291708503,0.214731723,3,0.159217132,2,0.058236586,5,0.056863822,4,0.216080954,48524,40023,46759,16064,165902,0.319119587,0.263212498,0.30751201,0.105645393,0.187320639,-0.047131544,-0.092780288,-0.047408807
31011,70498,34015,38214,11837,11810,167119,0.421843118,0.203537599,0.228663408,0.070829768,0.070668206,0.421843118,1,0.19317971,0.228663408,3,0.203537599,2,0.070829768,4,0.070668206,5,0.274367367,37264,40791,35890,10241,134294,0.298728365,0.327002704,0.287713639,0.082097391,0.123114753,-0.052635337,-0.059050231,-0.011429185
31012,82012,38959,45130,13339,13253,193619,0.423574133,0.201214757,0.233086629,0.068893032,0.068448861,0.423574133,1,0.190487504,0.233086629,3,0.201214757,2,0.068893032,4,0.068448861,5,0.270107789,42417,45863,37796,9441,147489,0.311504364,0.336811294,0.277568403,0.06933335,0.112069768,-0.066703505,-0.044481774,-0.000884489
31013,41899,25294,24701,6929,6958,106307,0.394132089,0.237933532,0.232355348,0.065179151,0.065451946,0.394132089,1,0.156198557,0.237933532,2,0.232355348,3,0.065451946,5,0.065179151,4,0.303112683,22314,28819,20243,5704,83484,0.288059053,0.372034321,0.261323806,0.073634886,0.106073036,-0.068921638,-0.028968458,-0.00818294
31014,90314,29753,40871,15760,12662,189947,0.475469473,0.156638431,0.215170548,0.082970513,0.0666607,0.475469473,1,0.260298925,0.215170548,3,0.156638431,2,0.082970513,4,0.0666607,5,0.239608944,45694,37038,42114,16204,149855,0.322954911,0.261776251,0.297652277,0.114526226,0.152514562,-0.022167307,-0.082481729,-0.047865526
31021,54197,25563,32434,7854,8062,128856,0.420601291,0.198384243,0.251707332,0.06095176,0.062565965,0.420601291,1,0.168893959,0.251707332,3,0.198384243,2,0.062565965,5,0.06095176,4,0.259336003,26406,27403,25882,5635,94060,0.307680249,0.319297199,0.301574649,0.065658494,0.112921043,-0.059961197,-0.049867317,-0.003092529
31022,52919,25158,32003,7219,7953,126106,0.419639034,0.199498834,0.253778567,0.057245492,0.063065992,0.419639034,1,0.165860467,0.253778567,3,0.199498834,2,0.063065992,5,0.057245492,4,0.256744326,28953,34603,28637,5261,106846,0.295082069,0.352665521,0.291861472,0.053618857,0.124556965,-0.095921195,-0.038082905,0.009447135
31023,121024,65211,65494,26825,17263,296843,0.407703736,0.219681785,0.220635151,0.090367635,0.058155321,0.407703736,1,0.187068585,0.220635151,3,0.219681785,2,0.090367635,4,0.058155321,5,0.31004942,62622,77585,69043,22092,246141,0.269754541,0.334210119,0.297414052,0.095164915,0.137949195,-0.024160699,-0.076778902,-0.037009594
31030,97272,52935,58748,15267,15960,241322,0.403079703,0.219354224,0.243442372,0.063264021,0.066135703,0.403079703,1,0.159637331,0.243442372,3,0.219354224,2,0.066135703,5,0.063264021,4,0.282618245,43189,60419,50175,11124,179905,0.260661925,0.364651482,0.302825073,0.067137541,0.142417778,-0.082033237,-0.059382702,-0.001001838
31041,61245,32507,34579,9597,9773,148391,0.412727187,0.219063151,0.233026262,0.064673734,0.065859789,0.412727187,1,0.179700925,0.233026262,3,0.219063151,2,0.065859789,5,0.064673734,4,0.283736884,30479,37371,30487,7908,115131,0.285540744,0.350108047,0.285615692,0.074085639,0.127186443,-0.066371162,-0.05258943,-0.00822585
31042,88461,39527,46366,15488,13263,203780,0.434100501,0.193968986,0.227529689,0.076003533,0.065084895,0.434100501,1,0.206570812,0.227529689,3,0.193968986,2,0.076003533,4,0.065084895,5,0.269972519,45078,47589,46676,16873,168005,0.28760616,0.303626814,0.297801702,0.107652929,0.146494341,-0.033654295,-0.070272013,-0.042568033
31050,212255,93288,116010,30121,32204,486005,0.43673419,0.191948643,0.238701248,0.061976729,0.066262693,0.43673419,1,0.198032942,0.238701248,3,0.191948643,2,0.066262693,5,0.061976729,4,0.253925371,99788,106447,107443,26728,370611,0.291861125,0.311337447,0.314250559,0.078174371,0.144873065,-0.057412076,-0.075549311,-0.011911678
31060,86912,36238,46986,12245,12585,195754,0.443985819,0.1851201,0.240025747,0.062553,0.064289874,0.443985819,1,0.203960072,0.240025747,3,0.1851201,2,0.064289874,5,0.062553,4,0.2476731,43170,44404,45664,15324,161611,0.289416007,0.297688867,0.306136033,0.102733632,0.154569812,-0.050015767,-0.066110287,-0.038443758
31070,91329,58061,57413,16837,17548,242563,0.376516616,0.239364619,0.236693148,0.069412895,0.072344092,0.376516616,1,0.137151998,0.239364619,2,0.236693148,3,0.072344092,5,0.069412895,4,0.308777513,37492,64649,46267,10617,175839,0.234425227,0.404229075,0.289292435,0.066384632,0.142091389,-0.095451562,-0.052599287,0.00595946
31080,17053,14843,11625,2769,3183,49776,0.342594825,0.298195918,0.233546287,0.055629219,0.06394648,0.342594825,1,0.044398907,0.298195918,2,0.233546287,3,0.06394648,5,0.055629219,4,0.353825137,7543,15301,8584,1703,36914,0.226286068,0.459022024,0.257515525,0.051089112,0.116308757,-0.105196887,-0.023969238,0.012857368
31091,86381,36611,49275,12472,14436,200104,0.431680526,0.182959861,0.246246952,0.06232759,0.072142486,0.431680526,1,0.185433575,0.246246952,3,0.182959861,2,0.072142486,5,0.06232759,4,0.245287451,40108,42182,46792,9219,152606,0.28865876,0.303585415,0.336763755,0.066349484,0.143021766,-0.058297964,-0.090516804,0.005793002
31092,71206,31069,40971,10499,11505,166007,0.42893372,0.187154759,0.246802846,0.063244321,0.069304306,0.42893372,1,0.182130874,0.246802846,3,0.187154759,2,0.069304306,5,0.063244321,4,0.25039908,32701,38685,37177,8069,126716,0.279099062,0.330171775,0.317301179,0.068867935,0.149834657,-0.079772696,-0.070498333,0.000436372
31101,103515,50185,54546,15681,26046,251022,0.412374214,0.199922716,0.217295695,0.062468628,0.10375983,0.412374214,1,0.195078519,0.217295695,3,0.199922716,2,0.10375983,5,0.062468628,4,0.262391344,44730,62016,47403,30039,200143,0.241834848,0.33529242,0.256286549,0.162407266,0.170539366,-0.072901076,-0.038990853,-0.058647436
31103,69744,31484,35968,12039,12894,162703,0.428658353,0.193505959,0.221065377,0.073993719,0.079248692,0.428658353,1,0.207592976,0.221065377,3,0.193505959,2,0.079248692,5,0.073993719,4,0.267499677,32243,37291,34485,13727,126488,0.272869141,0.315589838,0.291842953,0.116170167,0.155789212,-0.048090161,-0.070777576,-0.036921475
31104,74066,31914,36624,12137,12448,167743,0.441544506,0.190255331,0.218333999,0.072354733,0.07420876,0.441544506,1,0.223210507,0.218333999,3,0.190255331,2,0.07420876,5,0.072354733,4,0.262610064,36751,39901,37839,12974,136520,0.287370051,0.312001099,0.295877537,0.101448642,0.154174455,-0.049391035,-0.077543538,-0.027239882
31110,13535,8086,7432,2838,2271,34306,0.394537399,0.23570221,0.216638489,0.082726054,0.066198333,0.394537399,1,0.158835189,0.23570221,2,0.216638489,3,0.082726054,4,0.066198333,5,0.318428263,7168,10347,9113,3965,34228,0.233318478,0.336794963,0.296628249,0.129060793,0.161218921,-0.0183667,-0.07998976,-0.062862461
31120,44816,24104,25706,7188,7255,109500,0.409278539,0.220127854,0.234757991,0.065643836,0.066255708,0.409278539,1,0.174520548,0.234757991,3,0.220127854,2,0.066255708,5,0.065643836,4,0.285771689,21026,28077,22480,5450,83246,0.271873614,0.363045537,0.290674348,0.070470427,0.137404925,-0.077273848,-0.055916357,-0.004214719
31130,143924,79083,82465,22206,22660,351765,0.409148153,0.224817705,0.234432078,0.063127372,0.064418006,0.409148153,1,0.174716075,0.234432078,3,0.224817705,2,0.064418006,5,0.063127372,4,0.287945077,65295,84147,73165,17706,261894,0.270605913,0.348735366,0.303222017,0.073380018,0.13854224,-0.060790289,-0.068789939,-0.008962012
31140,45426,19950,24209,6805,7258,104058,0.436545004,0.191720002,0.2326491,0.065396221,0.069749563,0.436545004,1,0.203895904,0.2326491,3,0.191720002,2,0.069749563,5,0.065396221,4,0.257116224,21874,22796,19923,4888,76820,0.313579454,0.326796984,0.285610472,0.07007298,0.12296555,-0.06968076,-0.052961372,-0.000323418
31150,91611,39788,52214,12943,15073,212721,0.430662699,0.187043122,0.245457665,0.060844957,0.070858072,0.430662699,1,0.185205034,0.245457665,3,0.187043122,2,0.070858072,5,0.060844957,4,0.247888079,44948,48547,42447,9135,158866,0.308231216,0.332911383,0.291080592,0.062643325,0.122431483,-0.085023304,-0.045622926,0.008214748
31160,72636,32173,37566,11412,10954,165433,0.439065966,0.194477523,0.227076823,0.068982609,0.066214117,0.439065966,1,0.211989144,0.227076823,3,0.194477523,2,0.068982609,4,0.066214117,5,0.263460132,35354,37888,40114,11099,134238,0.282882291,0.303157896,0.320969062,0.088807788,0.156183675,-0.039697764,-0.09389224,-0.022593671
31170,37020,19132,20668,6385,5718,89260,0.414743446,0.21434013,0.231548286,0.071532601,0.064060049,0.414743446,1,0.18319516,0.231548286,3,0.21434013,2,0.071532601,4,0.064060049,5,0.285872731,18461,22405,19958,6327,73357,0.273879774,0.33239133,0.296088648,0.09386476,0.140863672,-0.046518599,-0.064540362,-0.029804711
31180,48970,28718,27247,8334,6842,120553,0.406211376,0.238218875,0.226016773,0.069131419,0.05675512,0.406211376,1,0.167992501,0.238218875,2,0.226016773,3,0.069131419,4,0.05675512,5,0.307350294,18016,27829,20411,4793,76864,0.252641775,0.39025133,0.286227313,0.067213145,0.153569601,-0.082901036,-0.06021054,-0.010458025
31191,43219,30242,28383,7323,7826,117577,0.367580394,0.257210169,0.241399253,0.062282589,0.066560637,0.367580394,1,0.110370225,0.257210169,2,0.241399253,3,0.066560637,5,0.062282589,4,0.319492758,20688,33575,21960,4820,89490,0.254003968,0.412228501,0.269621381,0.059179192,0.113576426,-0.092735743,-0.028222128,0.007381445
31192,98906,48098,48194,16252,13321,225560,0.438490867,0.213238163,0.21366377,0.072051782,0.059057457,0.438490867,1,0.224827097,0.21366377,3,0.213238163,2,0.072051782,4,0.059057457,5,0.285289945,52198,51883,49222,14933,182039,0.30918123,0.30731541,0.291553671,0.088451728,0.129309637,-0.022025465,-0.077889901,-0.029394271
31193,81119,45690,40968,16011,10722,195124,0.41573051,0.234158791,0.209958795,0.082055513,0.054949673,0.41573051,1,0.181571718,0.234158791,2,0.209958795,3,0.082055513,4,0.054949673,5,0.316214305,39978,49419,45480,14171,159280,0.267378298,0.330520989,0.304176422,0.094777574,0.148352212,-0.014306684,-0.094217626,-0.039827901
31200,93657,50884,49209,14739,17624,227343,0.411963421,0.223820395,0.216452673,0.064831554,0.07752163,0.411963421,1,0.188143026,0.223820395,2,0.216452673,3,0.07752163,5,0.064831554,4,0.288651949,46783,58770,40225,12139,175333,0.29464775,0.370144032,0.253344286,0.076453606,0.117315671,-0.081492083,-0.036891613,0.001068025
31210,38022,30972,23626,6680,7276,107165,0.354798675,0.289012271,0.220463771,0.062333784,0.067895302,0.354798675,1,0.065786404,0.289012271,2,0.220463771,3,0.067895302,5,0.062333784,4,0.351346055,18878,32815,15507,3886,79399,0.264106052,0.459086772,0.216945256,0.054365723,0.090692623,-0.107740717,0.003518515,0.013529579
31220,34236,24784,22701,5487,6613,94405,0.362650283,0.262528468,0.240463958,0.058121922,0.070049256,0.362650283,1,0.100121816,0.262528468,2,0.240463958,3,0.070049256,5,0.058121922,4,0.320650389,17408,27532,16897,3405,72638,0.265171395,0.419387571,0.257387469,0.051867452,0.097478888,-0.098737182,-0.01692351,0.018181804
31230,82107,44346,45786,13798,12480,199342,0.411890118,0.2224619,0.229685666,0.069217726,0.062605974,0.411890118,1,0.182204453,0.229685666,3,0.2224619,2,0.069217726,4,0.062605974,5,0.291679626,38665,50536,35771,10164,146320,0.284935031,0.372416313,0.263608199,0.07490184,0.126955087,-0.080736687,-0.033922533,-0.012295867
31240,154226,61817,75239,22597,22205,337516,0.456944263,0.183152799,0.222919802,0.0669509,0.065789474,0.456944263,1,0.234024461,0.222919802,3,0.183152799,2,0.0669509,4,0.065789474,5,0.250103699,68816,67415,62738,17136,235117,0.317086741,0.310631287,0.289080852,0.078958358,0.139857523,-0.060527588,-0.06616105,-0.013168885
31250,66335,40328,40820,10457,10524,169256,0.391921114,0.238266295,0.241173134,0.061782152,0.062178003,0.391921114,1,0.150747979,0.241173134,3,0.238266295,2,0.062178003,5,0.061782152,4,0.300048447,31733,40501,28914,7159,118606,0.291620225,0.372196475,0.265714152,0.065789846,0.100300889,-0.072148027,-0.024541018,-0.003611844
31260,39898,27208,25564,6558,6790,106584,0.374333859,0.255272836,0.239848382,0.061528935,0.063705622,0.374333859,1,0.119061022,0.255272836,2,0.239848382,3,0.063705622,5,0.061528935,4,0.316801771,23312,31496,17619,4079,83855,0.303090016,0.409493958,0.229072709,0.053032952,0.071243843,-0.092692186,0.010775674,0.01067267
31270,23515,26014,20253,4995,4698,79984,0.293996299,0.325240048,0.253213143,0.06244999,0.058736747,0.325240048,2,0.031243749,0.293996299,1,0.253213143,3,0.06244999,4,0.058736747,5,0.387690038,11279,26579,11852,2418,58532,0.214994303,0.50663477,0.225916524,0.046090631,0.079001997,-0.118944732,0.027296619,0.012646117
31280,17291,19891,12676,3286,3704,57234,0.302110634,0.347538177,0.221476745,0.057413426,0.064716777,0.347538177,2,0.045427543,0.302110634,1,0.221476745,3,0.064716777,5,0.057413426,4,0.404951602,7928,19696,7837,2029,41877,0.210043522,0.521823563,0.207632579,0.053756093,0.092067111,-0.116871961,0.013844166,0.010960684
31350,6836,8824,5987,1576,1298,24719,0.276548404,0.356972369,0.242202354,0.063756624,0.052510215,0.356972369,2,0.080423965,0.276548404,1,0.242202354,3,0.063756624,4,0.052510215,5,0.420728994,3528,9670,4058,609,20213,0.195899278,0.536946151,0.225328591,0.033815947,0.080649126,-0.116217157,0.016873763,0.018694268
31370,8934,12710,7880,1861,1728,33477,0.266869791,0.37966365,0.235385489,0.055590405,0.051617528,0.37966365,2,0.112793858,0.266869791,1,0.235385489,3,0.055590405,4,0.051617528,5,0.435254055,3999,12939,4759,995,25336,0.174313341,0.564001079,0.207441157,0.043371286,0.092556451,-0.128747024,0.027944331,0.008246242
31380,17198,22338,13510,3456,3405,60325,0.285089101,0.37029424,0.223953585,0.057289681,0.05644426,0.37029424,2,0.085205139,0.285089101,1,0.223953585,3,0.057289681,4,0.05644426,5,0.42758392,7993,21161,9183,2652,46037,0.193652332,0.512683222,0.222483343,0.064251969,0.091436769,-0.085099302,0.001470241,-0.007807708
32010,59010,41092,35384,10942,11178,158391,0.372559047,0.259433932,0.223396531,0.069082208,0.070572192,0.372559047,1,0.113125114,0.259433932,2,0.223396531,3,0.070572192,5,0.069082208,4,0.32851614,33035,46599,25320,8709,125390,0.289199437,0.407943228,0.221659747,0.076241498,0.08335961,-0.079427088,0.001736784,-0.005669307
32020,67743,47879,41467,11898,12463,182486,0.371222998,0.262370812,0.22723387,0.065199522,0.06829565,0.371222998,1,0.108852186,0.262370812,2,0.22723387,3,0.06829565,5,0.065199522,4,0.327570334,36120,50056,29709,8647,136590,0.288399298,0.399670966,0.237210818,0.06904177,0.0828237,-0.072100631,-0.009976948,-0.00074612
32030,36221,42437,24508,8452,7129,119451,0.303228939,0.355267013,0.205171995,0.070757047,0.059681376,0.355267013,2,0.052038074,0.303228939,1,0.205171995,3,0.070757047,4,0.059681376,5,0.42602406,19031,41599,15998,4379,90282,0.233545722,0.510497005,0.196325178,0.053738465,0.069683217,-0.084472945,0.008846817,0.005942911
32040,14692,17921,9948,3270,2843,49024,0.299689948,0.365555646,0.202921018,0.066702023,0.057992004,0.365555646,2,0.065865698,0.299689948,1,0.202921018,3,0.066702023,4,0.057992004,5,0.43225767,7082,18243,7548,2112,40143,0.200984395,0.517729217,0.214209293,0.059937735,0.098705553,-0.085471547,-0.011288275,-0.001945731
32050,8113,9470,4402,1221,1404,24766,0.327586207,0.382379068,0.177743681,0.049301462,0.056690624,0.382379068,2,0.054792861,0.327586207,1,0.177743681,3,0.056690624,5,0.049301462,4,0.43168053,3964,9517,3420,1062,20818,0.219285806,0.52647402,0.189192093,0.058749124,0.108300401,-0.09479349,-0.011448412,-0.002058499
32060,12764,12970,9843,2897,2558,41232,0.309565386,0.314561506,0.238722352,0.070260962,0.062039193,0.314561506,2,0.00499612,0.309565386,1,0.238722352,3,0.070260962,4,0.062039193,5,0.384822468,6110,13513,6192,1712,30122,0.220887232,0.488518684,0.223851676,0.061891807,0.088678154,-0.103696216,0.014870676,0.000147386
32070,11071,15002,7149,2272,2243,38061,0.290875174,0.394156748,0.187830062,0.05969365,0.058931715,0.394156748,2,0.103281574,0.290875174,1,0.187830062,3,0.05969365,4,0.058931715,5,0.453850398,5725,15728,5360,1559,33252,0.200065736,0.549630376,0.187310454,0.054480783,0.090809438,-0.095779978,0.000519609,0.004450932
32310,11775,12456,9051,2419,2210,38234,0.307971962,0.325783334,0.236726474,0.063268295,0.057801956,0.325783334,2,0.017811372,0.307971962,1,0.236726474,3,0.063268295,4,0.057801956,5,0.389051629,8072,14815,5426,1292,34184,0.270353248,0.49619467,0.181731507,0.043272596,0.037618714,-0.10714304,0.054994967,0.01452936
32320,7179,9657,5671,1342,1260,25338,0.283329387,0.381127161,0.223814034,0.052963928,0.049727682,0.381127161,2,0.097797774,0.283329387,1,0.223814034,3,0.052963928,4,0.049727682,5,0.434091088,3491,9758,3485,748,21263,0.197886341,0.553129451,0.197546232,0.042400167,0.085443046,-0.119038362,0.026267802,0.007327515
32330,6573,8090,5025,1215,1110,22210,0.295947771,0.364250338,0.226249437,0.054705088,0.049977488,0.364250338,2,0.068302566,0.295947771,1,0.226249437,3,0.054705088,4,0.049977488,5,0.418955425,3480,9130,3204,833,19829,0.207192456,0.543582508,0.190759951,0.049595206,0.088755315,-0.124627082,0.035489486,0.000382282
32340,7100,8504,5268,1234,1261,23559,0.301371026,0.360966085,0.223608812,0.052379133,0.053525192,0.360966085,2,0.059595059,0.301371026,1,0.223608812,3,0.053525192,5,0.052379133,4,0.413345218,3564,10132,3148,782,20700,0.200553403,0.57014789,0.177144252,0.044004703,0.100817623,-0.156802672,0.04646456,0.009520489
32350,7022,7765,3963,961,969,20903,0.335932641,0.371477778,0.189590011,0.045974262,0.046356982,0.371477778,2,0.035545137,0.335932641,1,0.189590011,3,0.046356982,5,0.045974262,4,0.41745204,3505,8588,2579,795,18764,0.22419393,0.549323102,0.164963237,0.050851405,0.111738711,-0.131871062,0.024626774,-0.004494423
32360,7499,7766,6217,1815,1507,24982,0.300176127,0.310863822,0.248859179,0.07265231,0.060323433,0.310863822,2,0.010687695,0.300176127,1,0.248859179,3,0.07265231,4,0.060323433,5,0.383516132,3741,9573,3513,831,20792,0.210349127,0.538271103,0.197529132,0.046725508,0.089827,-0.154754971,0.051330046,0.013597925
32370,4095,4526,3378,1159,874,14166,0.289072427,0.319497388,0.23845828,0.081815615,0.061697021,0.319497388,2,0.030424961,0.289072427,1,0.23845828,3,0.081815615,4,0.061697021,5,0.401313003,2341,5752,1963,513,12200,0.219401632,0.539085087,0.18397497,0.048079042,0.069670795,-0.137772084,0.054483311,0.013617979
32380,3687,3892,3113,1090,740,12666,0.291094268,0.30727933,0.245776093,0.086057161,0.058424128,0.30727933,2,0.016185062,0.291094268,1,0.245776093,3,0.086057161,4,0.058424128,5,0.393336491,2334,4942,1750,338,10744,0.2464187,0.521765731,0.184761236,0.035685313,0.044675568,-0.12842924,0.061014857,0.022738815
32390,5427,5485,4182,1369,1029,17681,0.306939653,0.31022001,0.236525083,0.077427747,0.058198066,0.31022001,2,0.003280357,0.306939653,1,0.236525083,3,0.077427747,4,0.058198066,5,0.387647757,3116,6827,2589,563,14962,0.235409828,0.515771148,0.19559565,0.042533932,0.071529824,-0.128123391,0.040929433,0.015664133
32400,4548,6091,3442,978,721,15926,0.285570765,0.382456361,0.216124576,0.061409017,0.045271882,0.382456361,2,0.096885596,0.285570765,1,0.216124576,3,0.061409017,4,0.045271882,5,0.443865377,2510,7003,1992,416,13489,0.208622584,0.582065322,0.165568202,0.034576492,0.07694818,-0.138199945,0.050556374,0.01069539
32410,4162,6288,3443,898,786,15730,0.264589955,0.399745709,0.218881119,0.057088366,0.049968214,0.399745709,2,0.135155753,0.264589955,1,0.218881119,3,0.057088366,4,0.049968214,5,0.456834075,2209,6855,1966,521,13070,0.189378743,0.58768279,0.168546224,0.044665607,0.075211213,-0.130848715,0.050334895,0.005302607
33020,38172,36585,25980,6207,6919,114543,0.33325476,0.319399701,0.226814384,0.054189256,0.060405263,0.33325476,1,0.013855059,0.319399701,2,0.226814384,3,0.060405263,5,0.054189256,4,0.373588958,18464,36615,16795,3853,85061,0.242375718,0.480642705,0.220466864,0.050578078,0.090879043,-0.107053747,0.00634752,0.009827184
33030,24608,25639,15994,4308,4407,75489,0.325981269,0.339638888,0.211871928,0.057067917,0.058379367,0.339638888,2,0.013657619,0.325981269,1,0.211871928,3,0.058379367,5,0.057067917,4,0.396706805,13222,25812,10918,3000,58994,0.247934815,0.484018564,0.204730927,0.056255063,0.078046454,-0.087311759,0.007141002,0.002124303
33041,36587,25173,19553,5545,6266,93679,0.390557115,0.268715507,0.208723407,0.059191494,0.06688799,0.390557115,1,0.121841608,0.268715507,2,0.208723407,3,0.06688799,5,0.059191494,4,0.327907002,20831,28245,15155,4237,76385,0.302441827,0.410084461,0.220032926,0.061516299,0.088115288,-0.082177459,-0.01130952,0.005371691
33042,48217,27881,25378,7135,7981,117118,0.411695896,0.238059052,0.216687443,0.060921464,0.068144948,0.411695896,1,0.173636845,0.238059052,2,0.216687443,3,0.068144948,5,0.060921464,4,0.298980515,26386,32183,22479,6561,95152,0.299826448,0.365698271,0.255430862,0.074553222,0.111869448,-0.066717755,-0.038743419,-0.006408275
33043,57407,28487,28901,8432,9885,133742,0.429236889,0.212999656,0.216095168,0.063046762,0.073910963,0.429236889,1,0.213141721,0.216095168,3,0.212999656,2,0.073910963,5,0.063046762,4,0.276046418,30434,31980,23484,6722,101278,0.327042094,0.343655325,0.252357775,0.072234243,0.102194795,-0.067608908,-0.036262607,0.00167672
33044,43435,22063,21389,6195,7079,100697,0.431343536,0.219102853,0.212409506,0.061521197,0.070300009,0.431343536,1,0.212240682,0.219102853,2,0.212409506,3,0.070300009,5,0.061521197,4,0.28062405,22105,25200,17773,4393,76245,0.316496629,0.360810452,0.254471594,0.062898425,0.114846907,-0.080186402,-0.042062088,0.007401584
33320,6133,7035,4378,818,877,19489,0.314690338,0.360972856,0.22463954,0.041972395,0.044999743,0.360972856,2,0.046282518,0.314690338,1,0.22463954,3,0.044999743,5,0.041972395,4,0.402945251,4308,8079,2813,598,18121,0.269222696,0.504886296,0.175794671,0.03737121,0.045467642,-0.101941045,0.048844869,0.007628534
33330,9491,9658,6702,1245,1561,29003,0.327242009,0.333000034,0.231079543,0.042926594,0.053822018,0.333000034,2,0.005758025,0.327242009,1,0.231079543,3,0.053822018,5,0.042926594,4,0.375926628,6835,11112,4223,904,26586,0.292686999,0.475835835,0.180836459,0.038710907,0.03455501,-0.099909207,0.050243085,0.015111112
33340,8469,10179,6110,1343,1431,27824,0.304377516,0.36583525,0.219594595,0.048267683,0.05143042,0.36583525,2,0.061457734,0.304377516,1,0.219594595,3,0.05143042,5,0.048267683,4,0.414102933,5706,11492,4166,913,25508,0.253450562,0.510454585,0.18504645,0.040553867,0.050926954,-0.096351652,0.034548145,0.010876553
33350,13542,9453,8452,1855,2497,36040,0.375749168,0.262291898,0.234517203,0.051470588,0.069284129,0.375749168,1,0.11345727,0.262291898,2,0.234517203,3,0.069284129,5,0.051470588,4,0.313762486,9606,12380,6035,1203,32588,0.326504398,0.420791636,0.205127425,0.040889526,0.049244769,-0.10702915,0.029389778,0.028394602
33360,6266,8625,5157,819,927,22039,0.28431417,0.391351695,0.233994283,0.037161396,0.0420618,0.391351695,2,0.107037524,0.28431417,1,0.233994283,3,0.0420618,5,0.037161396,4,0.42851309,3312,7424,2548,614,16076,0.235658486,0.528239311,0.181297651,0.043687896,0.048655685,-0.09972622,0.052696632,-0.001626096
33370,17156,13866,11826,2406,2986,48636,0.352742824,0.285097459,0.24315322,0.049469529,0.061394852,0.352742824,1,0.067645366,0.285097459,2,0.24315322,3,0.061394852,5,0.049469529,4,0.334566987,8631,15043,8675,1626,38435,0.251971314,0.439161682,0.253255839,0.047469048,0.10077151,-0.104594694,-0.010102619,0.013925803
33380,4730,7424,3561,805,782,17489,0.270455715,0.424495397,0.2036137,0.046028932,0.04471382,0.424495397,2,0.154039682,0.270455715,1,0.2036137,3,0.046028932,4,0.04471382,5,0.47052433,2768,7506,2330,528,14873,0.208529039,0.56546928,0.175532031,0.039777216,0.061926676,-0.09494495,0.028081669,0.004936605
33390,6829,5177,4565,992,1217,18909,0.361150775,0.27378497,0.24141943,0.052461791,0.064360886,0.361150775,1,0.087365805,0.27378497,2,0.24141943,3,0.064360886,5,0.052461791,4,0.326246761,3637,5435,3112,607,14300,0.282400739,0.422009352,0.241636266,0.047131495,0.078750036,-0.095762591,-0.000216836,0.017229391
34011,51226,32269,31108,7689,9427,132398,0.386909168,0.243727247,0.234958232,0.058074895,0.071201982,0.386909168,1,0.143181921,0.243727247,2,0.234958232,3,0.071201982,5,0.058074895,4,0.301802142,26332,34528,25054,5966,101111,0.28512143,0.373867261,0.271283317,0.064599516,0.101787738,-0.072065119,-0.036325085,0.006602466
34012,81333,33920,42500,12355,14109,185001,0.439635461,0.18335036,0.229728488,0.066783423,0.076264453,0.439635461,1,0.209906973,0.229728488,3,0.18335036,2,0.076264453,5,0.066783423,4,0.250133783,39421,36163,33640,9534,129236,0.330537236,0.303219555,0.282064702,0.079940692,0.109098225,-0.053085772,-0.052336214,-0.003676239
34020,21090,17166,14176,2381,3146,58422,0.360994146,0.293827668,0.242648317,0.040755195,0.053849577,0.360994146,1,0.067166478,0.293827668,2,0.242648317,3,0.053849577,5,0.040755195,4,0.334582863,14077,19906,9299,1930,51108,0.308887871,0.436792069,0.204045486,0.042349477,0.052106275,-0.102209206,0.038602831,0.0115001
34030,17461,18349,13865,2278,2884,55239,0.316099133,0.332174732,0.251000199,0.04123898,0.05220949,0.332174732,2,0.016075599,0.316099133,1,0.251000199,3,0.05220949,5,0.04123898,4,0.373413711,10241,21866,8741,1848,48739,0.238112972,0.508405258,0.203236548,0.042967754,0.077986161,-0.134991547,0.047763651,0.009241735
34040,64143,33994,34282,8737,11582,153477,0.417932329,0.221492471,0.223368974,0.056927097,0.075464076,0.417932329,1,0.194563355,0.223368974,3,0.221492471,2,0.075464076,5,0.056927097,4,0.278419568,32203,37293,26062,7954,113853,0.309606044,0.358542316,0.250565249,0.076471337,0.108326285,-0.080122748,-0.027196275,-0.001007261
34050,32425,22999,20957,4656,6024,87628,0.370030127,0.26246177,0.239158716,0.053133702,0.06874515,0.370030127,1,0.107568357,0.26246177,2,0.239158716,3,0.06874515,5,0.053133702,4,0.315595472,16678,25235,13960,4192,69331,0.275869215,0.41740974,0.230911035,0.069339474,0.094160912,-0.101814269,0.008247681,-0.000594324
34060,24191,15670,17018,2847,3134,63358,0.381814451,0.247324726,0.26860065,0.044935131,0.049464945,0.381814451,1,0.113213801,0.26860065,3,0.247324726,2,0.049464945,5,0.044935131,4,0.292259857,15046,18781,12091,1980,55239,0.311656791,0.389022079,0.25044811,0.041012923,0.07015766,-0.096762222,0.01815254,0.008452022
34070,7861,5495,5646,1800,1188,22115,0.355460095,0.248473887,0.255301831,0.08139272,0.053719195,0.355460095,1,0.100158264,0.255301831,3,0.248473887,2,0.08139272,4,0.053719195,5,0.329866606,3988,6068,4928,882,17294,0.249934372,0.380291316,0.308845683,0.055276358,0.105525723,-0.050424709,-0.053543851,-0.001557163
34080,32266,21723,18579,4115,6575,83966,0.384274587,0.25871186,0.221268132,0.049007932,0.078305505,0.384274587,1,0.125562728,0.25871186,2,0.221268132,3,0.078305505,5,0.049007932,4,0.307719791,17816,22358,15254,3528,66547,0.299643391,0.376034292,0.256553676,0.059336657,0.084631196,-0.0683145,-0.035285543,0.018968847
34310,9297,8690,7934,1026,1315,28565,0.32546823,0.304218449,0.277752494,0.035918082,0.046035358,0.32546823,1,0.021249781,0.304218449,2,0.277752494,3,0.046035358,5,0.035918082,4,0.340136531,5351,9750,5290,785,24168,0.250011328,0.455542972,0.247161264,0.03667705,0.075456903,-0.115406442,0.03059123,0.009358308
34330,11157,13007,9952,1482,1884,37899,0.294387715,0.343201668,0.262592681,0.039103934,0.049711074,0.343201668,2,0.048813953,0.294387715,1,0.262592681,3,0.049711074,5,0.039103934,4,0.382305602,7188,14376,5663,1014,32492,0.25172306,0.503446121,0.198317709,0.035510181,0.042664654,-0.121140519,0.064274972,0.014200893
34340,10676,9345,7991,1262,1307,30848,0.346084025,0.302936981,0.259044346,0.04091027,0.042369035,0.346084025,1,0.043147044,0.302936981,2,0.259044346,3,0.042369035,5,0.04091027,4,0.343847251,7499,10840,4401,872,28240,0.314843875,0.45511503,0.184775023,0.036610729,0.031240149,-0.111267779,0.074269324,0.005758306
34350,4998,6635,4583,632,849,17878,0.279561472,0.371126524,0.256348585,0.03535071,0.047488533,0.371126524,2,0.091565052,0.279561472,1,0.256348585,3,0.047488533,5,0.03535071,4,0.406477235,3349,7529,2491,413,15811,0.240537958,0.540761507,0.178913124,0.029663236,0.039023514,-0.134284272,0.07743546,0.017825298
34360,17784,15633,12832,2581,3152,52321,0.33990176,0.298790161,0.245255251,0.049330097,0.060243497,0.33990176,1,0.0411116,0.298790161,2,0.245255251,3,0.060243497,5,0.049330097,4,0.348120258,7492,16998,8370,1792,41651,0.214806002,0.487356169,0.239979476,0.051379118,0.125095758,-0.139235912,0.005275775,0.008864378
34370,11325,17775,10080,1819,2147,43453,0.260626424,0.409062665,0.231974777,0.041861321,0.049409707,0.409062665,2,0.148436241,0.260626424,1,0.231974777,3,0.049409707,5,0.041861321,4,0.450923987,6308,17822,6319,1205,37557,0.19787178,0.559047378,0.198216832,0.037798905,0.062754644,-0.108123391,0.033757945,0.011610802
34380,10699,11778,7893,1248,1643,33486,0.319506659,0.351729081,0.235710446,0.037269307,0.049065281,0.351729081,2,0.032222421,0.319506659,1,0.235710446,3,0.049065281,5,0.037269307,4,0.388998387,5308,13183,4955,1014,29527,0.215549237,0.535340165,0.201214482,0.041176889,0.103957422,-0.146341778,0.034495964,0.007888392
35011,136486,6119,44858,5660,10501,204343,0.667925987,0.02994475,0.219523057,0.027698526,0.051389086,0.667925987,1,0.44840293,0.219523057,3,0.051389086,5,0.02994475,2,0.027698526,4,0.057643276,53504,14974,68487,14689,166666,0.35156172,0.098390498,0.450011355,0.096517833,0.316364267,-0.040747222,-0.230488298,-0.045128747
35012,108420,4487,35513,4272,8973,162173,0.668545319,0.027667984,0.218982198,0.026342239,0.055329802,0.668545319,1,0.449563121,0.218982198,3,0.055329802,5,0.027667984,2,0.026342239,4,0.054010224,42110,8121,56760,12645,132594,0.350881777,0.067668271,0.472952972,0.105364523,0.317663542,-0.013658048,-0.253970774,-0.050034721
35020,98542,5672,38883,3829,7123,154633,0.637263715,0.036680398,0.251453441,0.024761855,0.046063906,0.637263715,1,0.385810273,0.251453441,3,0.046063906,5,0.036680398,2,0.024761855,4,0.061442254,37638,9451,51294,10240,121333,0.345192576,0.086678756,0.470437005,0.093914979,0.292071139,-0.025236503,-0.218983563,-0.047851073
35030,110287,5754,41617,4301,8119,170850,0.645519462,0.033678665,0.243587943,0.025174129,0.047521217,0.645519462,1,0.401931519,0.243587943,3,0.047521217,5,0.033678665,2,0.025174129,4,0.058852795,40451,10829,55433,11110,133315,0.341768744,0.091493751,0.468351013,0.093867908,0.303750717,-0.032640956,-0.22476307,-0.046346691
35040,40404,1895,18349,1107,2526,64768,0.623826581,0.029258276,0.283303483,0.017091774,0.039000741,0.623826581,1,0.340523098,0.283303483,3,0.039000741,5,0.029258276,2,0.017091774,4,0.046350049,15758,2670,25686,2823,55370,0.333202235,0.056457036,0.54312937,0.059692214,0.290624346,-0.010106986,-0.259825887,-0.020691473
35050,31868,1740,12727,849,1762,49350,0.645754813,0.035258359,0.257892604,0.017203647,0.035704154,0.645754813,1,0.387862209,0.257892604,3,0.035704154,5,0.035258359,2,0.017203647,4,0.052462006,13224,3076,18384,2142,44509,0.356154422,0.082844147,0.495125748,0.05768926,0.289600391,-0.030382141,-0.237233144,-0.021985106
35060,31146,1763,14293,911,1793,50166,0.620858749,0.035143324,0.284914085,0.01815971,0.035741339,0.620858749,1,0.335944664,0.284914085,3,0.035741339,5,0.035143324,2,0.01815971,4,0.053303034,10740,2793,21145,4137,44134,0.275263089,0.071583781,0.541940225,0.106030112,0.34559566,-0.018280747,-0.25702614,-0.070288773
35310,34539,1724,11981,1124,2606,52282,0.660628897,0.03297502,0.229161088,0.021498795,0.049845071,0.660628897,1,0.431467809,0.229161088,3,0.049845071,5,0.03297502,2,0.021498795,4,0.054473815,13769,2943,19194,3419,45630,0.348070821,0.07439701,0.485211079,0.086429961,0.312558076,-0.019923195,-0.256049991,-0.03658489
35320,9696,681,3330,268,540,14670,0.660940695,0.046421268,0.226993865,0.018268575,0.036809816,0.660940695,1,0.43394683,0.226993865,3,0.046421268,2,0.036809816,5,0.018268575,4,0.064689843,5308,1120,4373,735,13802,0.455263249,0.096061575,0.375068988,0.063040408,0.205677447,-0.031371731,-0.148075123,-0.026230592
35330,8988,1071,3538,327,550,14601,0.615574276,0.07335114,0.24231217,0.022395726,0.037668653,0.615574276,1,0.373262105,0.24231217,3,0.07335114,2,0.037668653,5,0.022395726,4,0.095746867,5324,1362,4303,597,13485,0.455523189,0.116533167,0.368166093,0.051079516,0.160051087,-0.020786301,-0.125853923,-0.013410863
35340,9064,621,2953,241,498,13530,0.669918699,0.045898004,0.218255728,0.017812269,0.036807095,0.669918699,1,0.451662971,0.218255728,3,0.045898004,2,0.036807095,5,0.017812269,4,0.063710273,4201,845,4611,645,12358,0.403173581,0.081095376,0.442521634,0.061901204,0.266745118,-0.017385103,-0.224265906,-0.025094109
35350,10534,645,4282,264,649,16590,0.63496082,0.038878843,0.258107294,0.015913201,0.039119952,0.63496082,1,0.376853526,0.258107294,3,0.039119952,5,0.038878843,2,0.015913201,4,0.054792043,4096,1271,6286,722,15072,0.326680446,0.101369836,0.501346017,0.057583809,0.308280373,-0.046577792,-0.243238724,-0.018463857
35360,10181,557,4852,232,527,16628,0.612280491,0.033497715,0.291796969,0.013952369,0.031693529,0.612280491,1,0.320483522,0.291796969,3,0.033497715,2,0.031693529,5,0.013952369,4,0.047450084,4278,874,6592,469,15488,0.344405122,0.070362337,0.530696251,0.037757364,0.267875369,-0.022912252,-0.238899282,-0.006063835
35370,20364,1037,9997,527,1045,33411,0.609499865,0.031037682,0.299212834,0.015773248,0.031277124,0.609499865,1,0.310287031,0.299212834,3,0.031277124,5,0.031037682,2,0.015773248,4,0.046810931,6914,1365,12082,1230,29548,0.315999278,0.06238632,0.552198912,0.056216244,0.293500587,-0.015575389,-0.252986078,-0.02493912
35380,19207,1284,8726,516,1240,31222,0.615175197,0.041124848,0.279482416,0.016526808,0.039715585,0.615175197,1,0.335692781,0.279482416,3,0.041124848,2,0.039715585,5,0.016526808,4,0.057651656,9585,1810,9986,1755,27210,0.410985401,0.077609137,0.428179469,0.075250848,0.204189796,-0.019957481,-0.148697053,-0.035535263
36010,67745,2224,49028,2391,6304,128231,0.528304388,0.0173437,0.382341244,0.018646037,0.049161279,0.528304388,1,0.145963145,0.382341244,3,0.049161279,5,0.018646037,4,0.0173437,2,0.035989737,18737,4361,50712,10962,96775,0.220099111,0.051227636,0.595701878,0.128768023,0.308205278,-0.015237899,-0.213360635,-0.079606744
36020,105383,3761,46207,3312,6089,165741,0.635829396,0.022692032,0.278790402,0.019982986,0.036738043,0.635829396,1,0.357038995,0.278790402,3,0.036738043,5,0.022692032,2,0.019982986,4,0.042675017,37721,5474,60942,6613,127412,0.338563553,0.049131701,0.546982848,0.059354757,0.297265844,-0.006456684,-0.268192447,-0.022616714
36030,108734,3958,36318,3436,6107,159821,0.68034864,0.024765206,0.227241727,0.021499052,0.038211499,0.68034864,1,0.453106913,0.227241727,3,0.038211499,5,0.024765206,2,0.021499052,4,0.046264258,47582,12238,58158,6629,139335,0.378826954,0.097433573,0.463028414,0.052777182,0.301521686,-0.051169315,-0.235786688,-0.014565683
36040,36523,1177,18170,1072,1993,59456,0.614286195,0.019796152,0.305604144,0.01803014,0.033520587,0.614286195,1,0.308682051,0.305604144,3,0.033520587,5,0.019796152,2,0.01803014,4,0.037826292,14965,2096,23384,2570,49512,0.344853306,0.048300202,0.538860655,0.059223054,0.269432889,-0.010473911,-0.233256511,-0.025702467
36060,55236,3552,17660,2409,3588,82975,0.665694486,0.042808075,0.212835191,0.029032841,0.04324194,0.665694486,1,0.452859295,0.212835191,3,0.04324194,5,0.042808075,2,0.029032841,4,0.071840916,21960,4747,29536,3341,68027,0.366201182,0.079160155,0.492537255,0.055713941,0.299493304,-0.007319239,-0.279702064,-0.012472001
36310,16220,572,8485,401,842,26826,0.604637292,0.021322597,0.316297622,0.014948185,0.03138746,0.604637292,1,0.28833967,0.316297622,3,0.03138746,5,0.021322597,2,0.014948185,4,0.036270782,7945,876,10737,974,23395,0.382542988,0.042178434,0.516974708,0.046897026,0.222094304,-0.005907652,-0.200677087,-0.015509566
36320,10004,525,5879,229,574,17467,0.572737162,0.030056678,0.336577546,0.013110437,0.032861968,0.572737162,1,0.236159615,0.336577546,3,0.032861968,5,0.030056678,2,0.013110437,4,0.043167115,4428,759,7462,636,15673,0.328423207,0.056294764,0.553453923,0.047171897,0.244313954,-0.013127649,-0.216876377,-0.014309929
36330,10152,544,4587,191,483,16135,0.629191199,0.033715525,0.284288813,0.01183762,0.029934924,0.629191199,1,0.344902386,0.284288813,3,0.033715525,2,0.029934924,5,0.01183762,4,0.045553145,4303,739,6632,642,14616,0.345528553,0.059341297,0.532545982,0.05155225,0.283662646,-0.013788152,-0.248257169,-0.021617326
36350,23363,1166,14211,507,882,40936,0.570720149,0.028483486,0.347151651,0.012385187,0.021545828,0.570720149,1,0.223568497,0.347151651,3,0.028483486,2,0.021545828,5,0.012385187,4,0.040868673,13751,1700,16586,996,39196,0.408074257,0.050449148,0.49220563,0.029557266,0.162645892,-0.009580475,-0.145053979,-0.008011438
36360,13856,612,9334,372,672,25200,0.54984127,0.024285714,0.370396825,0.014761905,0.026666667,0.54984127,1,0.179444444,0.370396825,3,0.026666667,5,0.024285714,2,0.014761905,4,0.039047619,6082,1567,10808,823,23032,0.31102502,0.0801342,0.552706086,0.042087075,0.23881625,-0.041086581,-0.18230926,-0.015420409
36370,21527,641,12057,510,1260,36440,0.590751921,0.01759056,0.330872667,0.013995609,0.034577387,0.590751921,1,0.259879254,0.330872667,3,0.034577387,5,0.01759056,2,0.013995609,4,0.031586169,9253,1143,14785,1401,31507,0.343841837,0.042473924,0.54941117,0.052061214,0.246910084,-0.010887755,-0.218538503,-0.017483827
36380,12324,538,8609,367,735,22995,0.535942596,0.023396391,0.374385736,0.015959991,0.03196347,0.535942596,1,0.16155686,0.374385736,3,0.03196347,5,0.023396391,2,0.015959991,4,0.039356382,4411,827,9542,711,20411,0.279520376,0.05240611,0.604666385,0.045055313,0.25642222,-0.013049728,-0.230280649,-0.013091843
36390,10169,648,9135,345,665,21187,0.479964129,0.030584793,0.431160617,0.01628357,0.031387171,0.479964129,1,0.048803512,0.431160617,3,0.031387171,5,0.030584793,2,0.01628357,4,0.046868363,3647,1019,10707,806,19655,0.223021811,0.062314019,0.654755835,0.049288615,0.256942318,-0.015445656,-0.223595218,-0.017901444
36400,21729,987,16401,545,1157,41221,0.527134228,0.023944106,0.397879722,0.013221416,0.028068218,0.527134228,1,0.129254506,0.397879722,3,0.028068218,5,0.023944106,2,0.013221416,4,0.037165522,6899,1246,22072,1551,38027,0.215050328,0.038839355,0.688011427,0.04834658,0.3120839,-0.001673832,-0.290131705,-0.020278363
36410,15148,659,11837,462,1338,29694,0.510136728,0.022193036,0.39863272,0.015558699,0.045059608,0.510136728,1,0.111504008,0.39863272,3,0.045059608,5,0.022193036,2,0.015558699,4,0.037751734,5952,1594,13217,2180,27108,0.257241375,0.068891591,0.571229713,0.094218111,0.252895353,-0.031139857,-0.172596993,-0.049158503
36420,23963,789,15365,661,1758,42826,0.559543268,0.018423388,0.358777378,0.015434549,0.04104983,0.559543268,1,0.20076589,0.358777378,3,0.04104983,5,0.018423388,2,0.015434549,4,0.033857937,10929,2332,15426,3088,38901,0.341620561,0.072894057,0.48218856,0.096525235,0.217922707,-0.03903612,-0.123411182,-0.055475405
36430,11067,370,6735,243,574,19171,0.577278181,0.019299984,0.351311877,0.012675395,0.029941057,0.577278181,1,0.225966303,0.351311877,3,0.029941057,5,0.019299984,2,0.012675395,4,0.031975379,4952,498,8173,690,16820,0.342694624,0.034463232,0.565598377,0.047750261,0.234583556,-0.002487852,-0.2142865,-0.017809204
36440,16966,682,10375,467,989,30057,0.564460858,0.022690222,0.345177496,0.015537146,0.032904149,0.564460858,1,0.219283362,0.345177496,3,0.032904149,5,0.022690222,2,0.015537146,4,0.038227368,7127,844,12263,1080,26462,0.327950965,0.038836904,0.564285489,0.049696512,0.236509893,-0.000609536,-0.219107993,-0.016792363
36450,14028,699,8612,473,832,24878,0.563871694,0.028097114,0.346169306,0.019012782,0.033443203,0.563871694,1,0.217702388,0.346169306,3,0.033443203,5,0.028097114,2,0.019012782,4,0.047109896,6186,1038,10967,967,21683,0.319856723,0.0536714,0.567065742,0.050000235,0.244014971,-0.006561503,-0.220896436,-0.016557032
36460,17846,627,9834,365,690,29690,0.601077804,0.021118222,0.331222634,0.012293702,0.023240148,0.601077804,1,0.26985517,0.331222634,3,0.023240148,5,0.021118222,2,0.012293702,4,0.033411923,9965,902,12273,857,28165,0.410672657,0.037172778,0.505788813,0.035318261,0.190405147,-0.003760855,-0.174566179,-0.012078112
36470,8593,428,8063,236,485,18034,0.476488854,0.023732949,0.447099922,0.013086392,0.026893645,0.476488854,1,0.029388932,0.447099922,3,0.026893645,5,0.023732949,2,0.013086392,4,0.036819341,4168,548,8419,590,16248,0.299823224,0.039420136,0.605617016,0.042441387,0.17666563,-0.002600795,-0.158517094,-0.015547742
36480,10361,529,9697,259,492,21610,0.479453957,0.024479408,0.448727441,0.011985192,0.022767237,0.479453957,1,0.030726516,0.448727441,3,0.024479408,2,0.022767237,5,0.011985192,4,0.0364646,4445,2384,8583,816,21369,0.270461661,0.145057503,0.522243517,0.049650555,0.208992296,-0.108592903,-0.073516076,-0.026883317
37011,29504,62194,21835,12359,7417,134035,0.22012161,0.464013131,0.162905211,0.092207259,0.055336293,0.464013131,2,0.243891521,0.22012161,1,0.162905211,3,0.092207259,4,0.055336293,5,0.55622039,11778,53170,14854,4634,95432,0.138734716,0.626296899,0.174967352,0.054584537,0.081386894,-0.070076508,-0.012062141,0.000751756
37012,32306,71980,23218,14769,7973,151015,0.213925769,0.476641393,0.153746317,0.097798232,0.05279608,0.476641393,2,0.262715624,0.213925769,1,0.153746317,3,0.097798232,4,0.05279608,5,0.574439625,14346,67193,17278,7896,121073,0.133750782,0.626454501,0.161086436,0.073616072,0.080174987,-0.052014876,-0.007340119,-0.020819992
37020,32139,75588,20632,11659,7709,148791,0.216000968,0.508014598,0.138664301,0.078358234,0.051810929,0.508014598,2,0.29201363,0.216000968,1,0.138664301,3,0.078358234,4,0.051810929,5,0.586372832,14103,66989,16638,6827,120680,0.133918818,0.636112012,0.15799059,0.064827609,0.08208215,-0.049739181,-0.019326289,-0.01301668
37030,18512,41333,11005,5109,4523,81108,0.228238891,0.509604478,0.135683286,0.062990087,0.055765153,0.509604478,2,0.281365587,0.228238891,1,0.135683286,3,0.062990087,4,0.055765153,5,0.572594565,6505,35456,8465,2394,63773,0.122203592,0.666080025,0.159024352,0.044973928,0.106035299,-0.093485459,-0.023341065,0.010791225
37040,19398,50235,13579,7825,4190,95972,0.202121452,0.523433918,0.141489184,0.081534197,0.043658567,0.523433918,2,0.321312466,0.202121452,1,0.141489184,3,0.081534197,4,0.043658567,5,0.604968116,8947,42166,13370,3110,76134,0.131338264,0.618979462,0.196266077,0.045653515,0.070783188,-0.014011347,-0.054776893,-0.001994948
37050,53940,92910,36117,22058,13739,219919,0.245272123,0.422473729,0.164228648,0.100300565,0.062473001,0.422473729,2,0.177201606,0.245272123,1,0.164228648,3,0.100300565,4,0.062473001,5,0.522774294,21296,72102,26277,7074,145659,0.16713469,0.565868962,0.206226439,0.055517975,0.078137433,-0.043094668,-0.041997791,0.006955026
37060,12863,32954,9273,5601,2576,63730,0.20183587,0.517087714,0.145504472,0.087886396,0.040420524,0.517087714,2,0.315251844,0.20183587,1,0.145504472,3,0.087886396,4,0.040420524,5,0.60497411,5518,32041,7440,2633,53813,0.115004862,0.667791009,0.155062736,0.054876369,0.086831008,-0.0628169,-0.009558264,-0.014455845
37070,9959,32932,7882,4537,2047,57962,0.171819468,0.56816535,0.135985646,0.078275422,0.035316242,0.56816535,2,0.396345882,0.171819468,1,0.135985646,3,0.078275422,4,0.035316242,5,0.646440772,4598,29732,6089,1999,50868,0.10726594,0.693612645,0.142049219,0.046634322,0.064553528,-0.047171873,-0.006063574,-0.011318081
37080,10005,35941,8162,3248,2029,60048,0.166616707,0.598537836,0.135924594,0.054090061,0.033789635,0.598537836,2,0.43192113,0.166616707,1,0.135924594,3,0.054090061,4,0.033789635,5,0.652627898,5153,32095,5110,1471,50640,0.116272442,0.724192515,0.115302189,0.033191687,0.050344265,-0.071564617,0.020622405,0.000597948
37090,6924,26315,5927,2419,1542,43553,0.158978716,0.604206369,0.136087066,0.055541524,0.035405139,0.604206369,2,0.445227654,0.158978716,1,0.136087066,3,0.055541524,4,0.035405139,5,0.659747893,2952,23595,4257,1112,37737,0.091588104,0.732053293,0.132076748,0.034500668,0.067390611,-0.0723054,0.004010318,0.000904471
37100,29857,67020,21556,15478,7186,142000,0.210260563,0.471971831,0.151802817,0.109,0.050605634,0.471971831,2,0.261711268,0.210260563,1,0.151802817,3,0.109,4,0.050605634,5,0.580971831,12551,54543,14275,8578,100982,0.138650386,0.602534299,0.157695344,0.094760817,0.071610178,-0.021562468,-0.005892527,-0.044155183
37310,1593,10460,1531,716,298,14754,0.10797072,0.708960282,0.10376847,0.048529212,0.020197912,0.708960282,2,0.600989562,0.10797072,1,0.10376847,3,0.048529212,4,0.020197912,5,0.757489494,1072,8578,1191,331,12990,0.094939609,0.759693998,0.105478614,0.029314376,0.013031111,-0.002204503,-0.001710144,-0.009116463
37320,4128,22319,4101,1663,705,33344,0.123800384,0.669355806,0.122990643,0.04987404,0.021143234,0.669355806,2,0.545555422,0.123800384,1,0.122990643,3,0.04987404,4,0.021143234,5,0.719229846,3019,17395,2477,636,27997,0.126673543,0.729872897,0.103931887,0.026685781,-0.002873159,-0.010643051,0.019058756,-0.005542547
37330,2509,9910,1996,894,434,15964,0.157166124,0.620771736,0.12503132,0.056001002,0.027186169,0.620771736,2,0.463605613,0.157166124,1,0.12503132,3,0.056001002,4,0.027186169,5,0.676772739,1397,7949,1510,440,13502,0.121960023,0.693958644,0.131825079,0.038412606,0.0352061,-0.017185905,-0.006793758,-0.011226437
37340,1790,6146,1470,529,333,10518,0.170184446,0.584331622,0.139760411,0.050294733,0.031660011,0.584331622,2,0.414147176,0.170184446,1,0.139760411,3,0.050294733,4,0.031660011,5,0.634626355,793,5727,1199,294,9638,0.096611926,0.697725722,0.146075282,0.035818293,0.07357252,-0.063099367,-0.006314871,-0.004158281
37350,2964,15277,2706,1188,572,22938,0.129217892,0.66601273,0.11797018,0.051791787,0.024936786,0.66601273,2,0.536794838,0.129217892,1,0.11797018,3,0.051791787,4,0.024936786,5,0.717804517,1213,13475,1840,469,19730,0.07064684,0.784803102,0.107164208,0.027315225,0.058571052,-0.066998586,0.010805972,-0.002378439
37360,4123,16126,2982,1711,695,26001,0.158570824,0.620206915,0.114687897,0.065805161,0.026729741,0.620206915,2,0.461636091,0.158570824,1,0.114687897,3,0.065805161,4,0.026729741,5,0.686012076,1912,14540,2310,746,23284,0.09663897,0.734900955,0.116755241,0.037705372,0.061931854,-0.048888878,-0.002067345,-0.010975631
37370,2944,11983,2123,1162,643,19070,0.154378605,0.628369166,0.111326691,0.060933403,0.033717881,0.628369166,2,0.473990561,0.154378605,1,0.111326691,3,0.060933403,4,0.033717881,5,0.689302569,1689,9050,1489,430,14630,0.13192904,0.706902197,0.116306892,0.033587618,0.022449565,-0.017599628,-0.004980201,0.000130263
37380,4234,15175,2978,1554,1390,25613,0.16530668,0.592472573,0.116269082,0.060672315,0.054269316,0.592472573,2,0.427165892,0.16530668,1,0.116269082,3,0.060672315,4,0.054269316,5,0.653144887,2040,13972,2238,626,21801,0.106883849,0.732049576,0.117257869,0.032798671,0.058422831,-0.078904689,-0.000988787,0.021470645
37390,14095,29032,9818,5902,3574,62809,0.224410514,0.462226751,0.156315178,0.093967425,0.056902673,0.462226751,2,0.237816237,0.224410514,1,0.156315178,3,0.093967425,4,0.056902673,5,0.556194176,6957,21525,6858,1891,42084,0.18570609,0.574575762,0.183063441,0.050477248,0.038704425,-0.018381586,-0.026748264,0.006425425
37400,4042,17635,3813,1431,739,28056,0.144069005,0.6285643,0.135906758,0.051005133,0.026340177,0.6285643,2,0.484495295,0.144069005,1,0.135906758,3,0.051005133,4,0.026340177,5,0.679569433,1807,15198,2739,702,25094,0.087131706,0.732832138,0.132071801,0.033849728,0.056937299,-0.053262705,0.003834957,-0.007509551
37410,3305,11726,2905,1139,723,20079,0.164599831,0.583993227,0.14467852,0.056725933,0.036007769,0.583993227,2,0.419393396,0.164599831,1,0.14467852,3,0.056725933,4,0.036007769,5,0.640719159,1360,10762,2220,673,17928,0.089308503,0.706719202,0.145782998,0.044194576,0.075291327,-0.066000042,-0.001104478,-0.008186806
37420,5684,15959,3844,1790,1113,28683,0.198166161,0.556392288,0.134016665,0.062406303,0.038803472,0.556392288,2,0.358226127,0.198166161,1,0.134016665,3,0.062406303,4,0.038803472,5,0.618798592,2404,13424,2924,801,22832,0.121691959,0.679531139,0.148014679,0.040547113,0.076474202,-0.060732548,-0.013998014,-0.00174364
37430,986,3017,739,351,162,5291,0.186354186,0.57021357,0.13967114,0.066339066,0.030618031,0.57021357,2,0.383859384,0.186354186,1,0.13967114,3,0.066339066,4,0.030618031,5,0.636552637,420,3053,497,104,4666,0.10239134,0.744287523,0.121163085,0.025354046,0.083962847,-0.107734886,0.018508055,0.005263985
38030,64933,88971,23381,12771,9623,200816,0.323345749,0.443047367,0.116429966,0.06359553,0.047919488,0.443047367,2,0.119701617,0.323345749,1,0.116429966,3,0.06359553,4,0.047919488,5,0.506642897,28779,69482,24321,7557,145768,0.219888398,0.530883132,0.18582667,0.057739901,0.103457352,-0.024240235,-0.069396704,-0.009820413
38050,21975,34406,9477,4497,3386,74247,0.295971554,0.463399195,0.127641521,0.060568104,0.045604536,0.463399195,2,0.16742764,0.295971554,1,0.127641521,3,0.060568104,4,0.045604536,5,0.523967298,6380,19681,6314,2147,38474,0.183550192,0.566214941,0.181651397,0.06176838,0.112421363,-0.042247643,-0.054009876,-0.016163843
38060,18841,30417,7088,3357,2629,62749,0.300259765,0.484740793,0.112957975,0.053498861,0.041897082,0.484740793,2,0.184481028,0.300259765,1,0.112957975,3,0.053498861,4,0.041897082,5,0.538239653,7875,25563,7463,2517,51134,0.180171046,0.584852376,0.170744955,0.057586098,0.120088719,-0.046612723,-0.057786979,-0.015689016
38070,132713,77010,39978,19113,15014,284941,0.465756069,0.270266476,0.140302729,0.067077044,0.05269161,0.465756069,1,0.195489593,0.270266476,2,0.140302729,3,0.067077044,4,0.05269161,5,0.33734352,76283,76117,36086,13089,219518,0.376956632,0.376136334,0.17832095,0.064680012,0.088799437,-0.038792814,-0.038018221,-0.011988402
38080,17621,30242,7820,3740,2335,62194,0.28332315,0.486252693,0.125735602,0.060134418,0.037543815,0.486252693,2,0.202929543,0.28332315,1,0.125735602,3,0.060134418,4,0.037543815,5,0.546387111,7147,27439,8335,2097,53829,0.157645769,0.605238877,0.183850215,0.046254817,0.125677381,-0.058851766,-0.058114613,-0.008711003
38090,60159,35978,17743,9335,8820,132676,0.4534279,0.271171877,0.133731798,0.070359372,0.066477735,0.4534279,1,0.182256022,0.271171877,2,0.133731798,3,0.070359372,4,0.066477735,5,0.341531249,27424,33110,17116,6502,96574,0.32431203,0.391553796,0.202411198,0.076891658,0.12911587,-0.050022547,-0.0686794,-0.010413922
38100,74122,54838,27656,12234,9196,178859,0.414415825,0.306599053,0.154624593,0.068400248,0.051414802,0.414415825,1,0.107816772,0.306599053,2,0.154624593,3,0.068400248,4,0.051414802,5,0.374999301,35364,49584,23217,6626,125733,0.306672593,0.429986819,0.201335188,0.05745992,0.107743232,-0.054987518,-0.046710596,-0.006045118
38111,51965,52138,19488,10115,8104,142500,0.364666667,0.365880702,0.136757895,0.070982456,0.056870175,0.365880702,2,0.001214035,0.364666667,1,0.136757895,3,0.070982456,4,0.056870175,5,0.436863158,26999,42793,19317,7901,106902,0.276963901,0.438983525,0.198159623,0.081050846,0.087702766,-0.002120367,-0.061401729,-0.02418067
38112,55279,38373,19571,10491,9221,133429,0.414295243,0.287591153,0.146677259,0.078626086,0.069107915,0.414295243,1,0.12670409,0.287591153,2,0.146677259,3,0.078626086,4,0.069107915,5,0.366217239,24176,38208,22274,18379,111647,0.233765464,0.369445353,0.215374419,0.17771242,0.180529779,-0.003228114,-0.06869716,-0.108604505
38113,30513,51049,12697,6347,4846,105899,0.288133032,0.482053655,0.119897261,0.059934466,0.045760583,0.482053655,2,0.193920622,0.288133032,1,0.119897261,3,0.059934466,4,0.045760583,5,0.541988121,14748,39890,12350,3831,78196,0.207370178,0.560889369,0.173652136,0.053867314,0.080762854,-0.018901248,-0.053754875,-0.008106731
38114,39155,52541,15353,7787,5956,121323,0.32273353,0.433067102,0.126546492,0.064184038,0.049092093,0.433067102,2,0.110333572,0.32273353,1,0.126546492,3,0.064184038,4,0.049092093,5,0.49725114,22382,42462,16385,4860,94183,0.258848862,0.491074987,0.18949328,0.056206124,0.063884668,0.006176152,-0.062946789,-0.007114031
38115,36057,37066,15159,7346,5283,101368,0.35570397,0.365657801,0.149544235,0.072468629,0.052117039,0.365657801,2,0.009953832,0.35570397,1,0.149544235,3,0.072468629,4,0.052117039,5,0.43812643,15671,30690,16346,4336,73578,0.232691706,0.455702153,0.24271448,0.064383335,0.123012264,-0.017575723,-0.093170245,-0.012266296
38310,4019,9222,1582,612,513,16224,0.247719428,0.56841716,0.097509862,0.037721893,0.031619822,0.56841716,2,0.320697732,0.247719428,1,0.097509862,3,0.037721893,4,0.031619822,5,0.606139053,1630,7024,1542,478,13314,0.150109679,0.646852996,0.142005598,0.044019893,0.097609749,-0.040713942,-0.044495736,-0.012400071
38320,11190,18018,4456,1915,1552,37411,0.299109887,0.481623052,0.119109353,0.051188153,0.041485125,0.481623052,2,0.182513165,0.299109887,1,0.119109353,3,0.051188153,4,0.041485125,5,0.532811205,4571,13576,4772,1319,28828,0.187176692,0.5559201,0.195407389,0.054011389,0.111933195,-0.023108895,-0.076298036,-0.012526264
38330,8206,22528,3160,1527,1064,36821,0.222861954,0.611824774,0.085820592,0.0414709,0.028896554,0.611824774,2,0.38896282,0.222861954,1,0.085820592,3,0.0414709,4,0.028896554,5,0.653295674,3747,16908,3888,962,30650,0.145571761,0.656879461,0.151049642,0.037373908,0.077290192,-0.003583787,-0.06522905,-0.008477355
38340,8102,15581,3419,1422,1144,29931,0.270689252,0.520563964,0.114229394,0.047509271,0.038221242,0.520563964,2,0.249874712,0.270689252,1,0.114229394,3,0.047509271,4,0.038221242,5,0.568073235,2287,7969,2197,709,14909,0.172230999,0.600135039,0.165453216,0.053393869,0.098458253,-0.032061804,-0.051223822,-0.015172627
38350,7364,13311,3388,1328,970,26633,0.27649908,0.499793489,0.127210603,0.049862952,0.036420981,0.499793489,2,0.223294409,0.27649908,1,0.127210603,3,0.049862952,4,0.036420981,5,0.549656441,3106,12998,2665,790,23557,0.157179751,0.657766389,0.134862858,0.039978108,0.119319329,-0.108109948,-0.007652255,-0.003557126
38360,8841,13306,3372,1343,1070,28328,0.312094041,0.469711946,0.119034171,0.047408924,0.037771816,0.469711946,2,0.157617905,0.312094041,1,0.119034171,3,0.047408924,4,0.037771816,5,0.51712087,4195,14695,3154,1027,27334,0.179288183,0.628042872,0.134797361,0.043892482,0.132805858,-0.110922002,-0.01576319,-0.006120667
38370,5117,11381,2264,901,684,20619,0.248169164,0.551966633,0.109801639,0.043697561,0.033173287,0.551966633,2,0.303797468,0.248169164,1,0.109801639,3,0.043697561,4,0.033173287,5,0.595664193,2475,9224,2099,653,16886,0.1690091,0.629874722,0.143333374,0.044591088,0.079160065,-0.034210529,-0.033531735,-0.011417801
38380,6145,12168,2766,1088,822,23283,0.26392647,0.522613065,0.118799124,0.046729373,0.035304729,0.522613065,2,0.258686595,0.26392647,1,0.118799124,3,0.046729373,4,0.035304729,5,0.569342439,2824,10514,2307,618,19110,0.171453033,0.638334699,0.1400645,0.037520529,0.092473437,-0.06899226,-0.021265376,-0.0022158
38390,9482,18979,4219,2039,1526,36615,0.258964905,0.518339478,0.115226,0.05568756,0.041676908,0.518339478,2,0.259374573,0.258964905,1,0.115226,3,0.05568756,4,0.041676908,5,0.574027038,4882,17453,4501,1316,33254,0.171663351,0.613691207,0.158266437,0.046273857,0.087301554,-0.039664169,-0.043040437,-0.004596949
38400,5604,18045,2452,924,746,28142,0.199132969,0.641212423,0.087129557,0.032833487,0.026508422,0.641212423,2,0.442079454,0.199132969,1,0.087129557,3,0.032833487,4,0.026508422,5,0.67404591,3325,13458,2429,675,23688,0.164990499,0.667802145,0.120529901,0.033494312,0.03414247,0.006243765,-0.033400344,-0.00698589
39010,113266,45233,50848,14612,20791,246157,0.460137229,0.183756708,0.206567353,0.059360489,0.084462355,0.460137229,1,0.253569876,0.206567353,3,0.183756708,2,0.084462355,5,0.059360489,4,0.243117198,52432,62567,43609,13304,187964,0.303249952,0.361867557,0.252220537,0.07694609,0.156887277,-0.11875036,-0.045653183,0.007516266
39020,37031,18238,19259,4767,6572,86679,0.427219973,0.210408519,0.222187612,0.05499602,0.075819979,0.427219973,1,0.205032361,0.222187612,3,0.210408519,2,0.075819979,5,0.05499602,4,0.265404539,20721,28494,13445,4102,74341,0.307463644,0.422801461,0.199500444,0.060866554,0.119756329,-0.157396922,0.022687168,0.014953425
