code,p17the,p17hong,p17kuk,p17yoo,p17jung,p17valid,r17the,r17hong,r17kuk,r17yoo,r17jung,win17r,winner17,wingap17,sec17r,sec17,third17r,third17,forth17r,forth17,last17r,last17
11010,35619,20043,19435,6173,5739,87460,0.407260462,0.229167619,0.22221587,0.070580837,0.065618568,0.407260462,1,0.178092842,0.229167619,2,0.22221587,3,0.070580837,4,0.065618568,5
11020,28521,16107,17042,5022,4117,71144,0.40089115,0.226399978,0.239542337,0.070589227,0.057868548,0.40089115,1,0.161348814,0.239542337,3,0.226399978,2,0.070589227,4,0.057868548,5
11030,48639,31508,27910,10134,7985,126692,0.383915322,0.248697629,0.220298046,0.079989265,0.063026868,0.383915322,1,0.135217693,0.248697629,2,0.220298046,3,0.079989265,4,0.063026868,5
11040,74166,36797,40268,13691,10771,176361,0.420535152,0.208645902,0.228327124,0.077630542,0.061073593,0.420535152,1,0.192208028,0.228327124,3,0.208645902,2,0.077630542,4,0.061073593,5
11050,90288,42189,46738,14895,13881,208717,0.43258575,0.202134948,0.22393001,0.071364575,0.066506322,0.43258575,1,0.20865574,0.22393001,3,0.202134948,2,0.071364575,4,0.066506322,5
11060,84273,47557,47388,12908,12430,205481,0.41012551,0.231442323,0.230619863,0.06281846,0.060492211,0.41012551,1,0.178683187,0.231442323,2,0.230619863,3,0.06281846,4,0.060492211,5
11070,96603,51961,56252,13954,14397,234166,0.412540676,0.221898141,0.240222748,0.059590205,0.061482026,0.412540676,1,0.172317928,0.240222748,3,0.221898141,2,0.061482026,5,0.059590205,4
11080,110308,52470,58881,16980,16938,256599,0.429884762,0.20448248,0.229466989,0.06617329,0.06600961,0.429884762,1,0.200417772,0.229466989,3,0.20448248,2,0.06617329,4,0.06600961,5
11090,77712,38778,46334,10346,11464,185481,0.418975528,0.209067236,0.249804562,0.055779298,0.06180687,0.418975528,1,0.169170966,0.249804562,3,0.209067236,2,0.06180687,5,0.055779298,4
11100,82392,43710,49778,12688,12695,202116,0.407647094,0.216261949,0.246284312,0.062775832,0.062810465,0.407647094,1,0.161362782,0.246284312,3,0.216261949,2,0.062810465,5,0.062775832,4
11110,136762,61535,85859,21624,20811,327873,0.417118823,0.187679376,0.261866637,0.065952366,0.063472747,0.417118823,1,0.155252186,0.261866637,3,0.187679376,2,0.065952366,4,0.063472747,5
11120,120445,54979,64531,16842,18504,276865,0.435031514,0.198576924,0.233077493,0.060831091,0.066834017,0.435031514,1,0.201954021,0.233077493,3,0.198576924,2,0.066834017,5,0.060831091,4
11130,78913,36489,40414,12433,12289,181266,0.435343639,0.201300851,0.222954112,0.068589807,0.067795395,0.435343639,1,0.212389527,0.222954112,3,0.201300851,2,0.068589807,4,0.067795395,5
11140,99926,41914,46090,16331,16604,221678,0.450770938,0.189076047,0.207914182,0.073669918,0.074901434,0.450770938,1,0.242856756,0.207914182,3,0.189076047,2,0.074901434,5,0.073669918,4
11150,115558,55415,63561,20055,16357,271939,0.424940887,0.203777318,0.233732565,0.073748157,0.060149519,0.424940887,1,0.191208322,0.233732565,3,0.203777318,2,0.073748157,4,0.060149519,5
11160,151889,69916,78321,23927,21964,347416,0.437196329,0.201245769,0.225438667,0.068871324,0.063221038,0.437196329,1,0.211757662,0.225438667,3,0.201245769,2,0.068871324,4,0.063221038,5
11170,104472,54399,54955,14818,14744,244339,0.427569893,0.222637401,0.224912928,0.060645251,0.060342393,0.427569893,1,0.202656964,0.224912928,3,0.222637401,2,0.060645251,4,0.060342393,5
11180,57910,28616,32762,7596,8243,135718,0.426693585,0.210848966,0.241397604,0.055968995,0.060736232,0.426693585,1,0.185295981,0.241397604,3,0.210848966,2,0.060736232,5,0.055968995,4
11190,89975,48825,47404,15506,12699,215283,0.417938249,0.226794498,0.220193884,0.072026124,0.058987472,0.417938249,1,0.19114375,0.226794498,2,0.220193884,3,0.072026124,4,0.058987472,5
11200,102431,48954,52642,17449,14481,236792,0.432577959,0.206738403,0.222313254,0.073689145,0.061154938,0.432577959,1,0.210264705,0.222313254,3,0.206738403,2,0.073689145,4,0.061154938,5
11210,134750,54447,70154,20147,20741,301600,0.44678382,0.180527188,0.232606101,0.066800398,0.068769894,0.44678382,1,0.214177719,0.232606101,3,0.180527188,2,0.068769894,5,0.066800398,4
11220,88413,66974,55234,25307,13308,250064,0.353561488,0.267827436,0.220879455,0.101202092,0.053218376,0.353561488,1,0.085734052,0.267827436,2,0.220879455,3,0.101202092,4,0.053218376,5
11230,107960,87993,69548,31507,16599,314751,0.343001293,0.279563846,0.220961967,0.10010135,0.052736925,0.343001293,1,0.063437447,0.279563846,2,0.220961967,3,0.10010135,4,0.052736925,5
11240,153191,90218,87954,32937,21998,387595,0.395234717,0.232763581,0.226922432,0.084977876,0.056755118,0.395234717,1,0.162471136,0.232763581,2,0.226922432,3,0.084977876,4,0.056755118,5
11250,106208,60596,60294,18807,15378,262275,0.404949004,0.231039939,0.229888476,0.071707178,0.058633114,0.404949004,1,0.173909065,0.231039939,2,0.229888476,3,0.071707178,4,0.058633114,5
21010,8226,9876,4097,1571,1025,24890,0.330494174,0.396785858,0.164604259,0.063117718,0.041181197,0.396785858,2,0.066291683,0.330494174,1,0.164604259,3,0.063117718,4,0.041181197,5
21020,20672,24406,10465,4227,2575,62637,0.330028577,0.389641905,0.167073774,0.067484075,0.041109887,0.389641905,2,0.059613328,0.330028577,1,0.167073774,3,0.067484075,4,0.041109887,5
21030,16522,20706,8658,3051,2073,51246,0.322405651,0.404051048,0.168949772,0.059536354,0.040451938,0.404051048,2,0.081645397,0.322405651,1,0.168949772,3,0.059536354,4,0.040451938,5
21040,26072,23640,11708,4699,2835,69251,0.376485538,0.341366912,0.169066151,0.067854616,0.040938037,0.376485538,1,0.035118626,0.341366912,2,0.169066151,3,0.067854616,4,0.040938037,5
21050,82208,74206,36107,14558,10110,218065,0.376988513,0.340293032,0.16557907,0.066759911,0.046362323,0.376988513,1,0.036695481,0.340293032,2,0.16557907,3,0.066759911,4,0.046362323,5
21060,58182,55339,26658,11391,7301,159443,0.364907835,0.347077012,0.167194546,0.071442459,0.045790659,0.364907835,1,0.017830824,0.347077012,2,0.167194546,3,0.071442459,4,0.045790659,5
21070,59480,54932,27436,11239,7356,161089,0.369236881,0.341004041,0.170315788,0.069768886,0.045664198,0.369236881,1,0.02823284,0.341004041,2,0.170315788,3,0.069768886,4,0.045664198,5
21080,73174,57006,29182,12679,8461,181257,0.403703029,0.314503716,0.16099792,0.069950402,0.046679577,0.403703029,1,0.089199314,0.314503716,2,0.16099792,3,0.069950402,4,0.046679577,5
21090,89057,74961,43072,18192,10602,236835,0.376029725,0.316511495,0.181865012,0.076812971,0.044765343,0.376029725,1,0.05951823,0.316511495,2,0.181865012,3,0.076812971,4,0.044765343,5
21100,72222,60999,32988,12993,9035,189014,0.382098681,0.322722126,0.174526755,0.06874094,0.047800692,0.382098681,1,0.059376554,0.322722126,2,0.174526755,3,0.06874094,4,0.047800692,5
21110,51878,50655,23640,11425,6828,145039,0.357683106,0.349250891,0.162990644,0.078771917,0.047076993,0.357683106,1,0.008432215,0.349250891,2,0.162990644,3,0.078771917,4,0.047076993,5
21120,25938,16512,9196,4091,2549,58499,0.443392195,0.282261235,0.157199268,0.069932819,0.043573394,0.443392195,1,0.16113096,0.282261235,2,0.157199268,3,0.069932819,4,0.043573394,5
21130,44887,40914,20544,8495,5650,120881,0.371332137,0.338465102,0.169952267,0.070275726,0.046740182,0.371332137,1,0.032867035,0.338465102,2,0.169952267,3,0.070275726,4,0.046740182,5
21140,36948,36752,17937,7157,4904,104102,0.354921135,0.353038366,0.172302165,0.06874988,0.047107644,0.354921135,1,0.001882769,0.353038366,2,0.172302165,3,0.06874988,4,0.047107644,5
21150,54175,43609,20646,8719,6113,133802,0.404889314,0.325921885,0.154302626,0.06516345,0.045686911,0.404889314,1,0.078967429,0.325921885,2,0.154302626,3,0.06516345,4,0.045686911,5
21310,33752,23807,13979,5726,4148,81768,0.412777615,0.291153018,0.170959299,0.070027395,0.050728891,0.412777615,1,0.121624596,0.291153018,2,0.170959299,3,0.070027395,4,0.050728891,5
22010,9505,22711,6199,5066,1927,45669,0.208128052,0.497295759,0.13573759,0.110928639,0.042194924,0.497295759,2,0.289167707,0.208128052,1,0.13573759,3,0.110928639,4,0.042194924,5
22020,40005,93013,27378,31733,7971,201206,0.198826079,0.462277467,0.136069501,0.157713985,0.039616115,0.462277467,2,0.263451388,0.198826079,1,0.157713985,4,0.136069501,3,0.039616115,5
22030,18639,64665,15665,10680,4543,114872,0.162258862,0.562930914,0.136369176,0.092973048,0.039548367,0.562930914,2,0.400672052,0.162258862,1,0.136369176,3,0.092973048,4,0.039548367,5
22040,16367,46437,12063,8793,3660,87821,0.186367725,0.528768746,0.137358946,0.100124116,0.041675681,0.528768746,2,0.34240102,0.186367725,1,0.137358946,3,0.100124116,4,0.041675681,5
22050,54095,113497,37527,29913,11850,248147,0.217995785,0.457378086,0.151228909,0.120545483,0.047753952,0.457378086,2,0.239382302,0.217995785,1,0.151228909,3,0.120545483,4,0.047753952,5
22060,55205,113112,37953,33354,10433,251219,0.219748506,0.450252568,0.151075357,0.13276862,0.041529502,0.450252568,2,0.230504062,0.219748506,1,0.151075357,3,0.13276862,4,0.041529502,5
22070,71303,154269,51178,40111,16021,334798,0.212973196,0.460782322,0.152862323,0.11980657,0.047852735,0.460782322,2,0.247809127,0.212973196,1,0.152862323,3,0.11980657,4,0.047852735,5
22310,26851,54652,18664,13651,6168,120657,0.222539927,0.452953413,0.154686425,0.113138898,0.051120117,0.452953413,2,0.230413486,0.222539927,1,0.154686425,3,0.113138898,4,0.051120117,5
23010,23866,14468,13493,3533,4076,59752,0.399417593,0.242134155,0.225816709,0.059127728,0.06821529,0.399417593,1,0.157283438,0.242134155,2,0.225816709,3,0.06821529,5,0.059127728,4
23020,14556,10761,9560,2192,2902,40214,0.361963495,0.267593375,0.237728154,0.05450838,0.072163923,0.361963495,1,0.09437012,0.267593375,2,0.237728154,3,0.072163923,5,0.05450838,4
23030,83761,56388,54966,13656,15832,225694,0.371126392,0.249842707,0.243542141,0.060506704,0.070148077,0.371126392,1,0.121283685,0.249842707,2,0.243542141,3,0.070148077,5,0.060506704,4
23040,75343,38483,43087,13999,12683,184436,0.408504847,0.208652324,0.233614912,0.075901668,0.068766401,0.408504847,1,0.174889935,0.233614912,3,0.208652324,2,0.075901668,4,0.068766401,5
23050,119542,61003,69710,18808,20343,290822,0.411048683,0.20976061,0.239699885,0.064671861,0.069950004,0.411048683,1,0.171348798,0.239699885,3,0.20976061,2,0.069950004,5,0.064671861,4
23060,129246,61578,74402,19155,21600,307417,0.420425676,0.200307725,0.24202305,0.062309501,0.070262868,0.420425676,1,0.178402626,0.24202305,3,0.200307725,2,0.070262868,5,0.062309501,4
23070,78136,34312,43644,11775,13767,182553,0.428018165,0.187956374,0.239075775,0.064501816,0.075413715,0.428018165,1,0.188942389,0.239075775,3,0.187956374,2,0.075413715,5,0.064501816,4
23080,116767,51598,64928,18404,19656,272559,0.428409996,0.189309471,0.238216313,0.067522995,0.072116496,0.428409996,1,0.190193683,0.238216313,3,0.189309471,2,0.072116496,5,0.067522995,4
23310,9753,15586,8252,1788,1775,37463,0.260336866,0.416037157,0.220270667,0.047727091,0.047380082,0.416037157,2,0.155700291,0.260336866,1,0.220270667,3,0.047727091,4,0.047380082,5
23320,2741,4970,2352,608,403,11207,0.244579281,0.443472829,0.209868832,0.054251807,0.035959668,0.443472829,2,0.198893549,0.244579281,1,0.209868832,3,0.054251807,4,0.035959668,5
24010,30279,1121,20378,1068,2048,55115,0.549378572,0.020339291,0.369736007,0.019377665,0.037158668,0.549378572,1,0.179642566,0.369736007,3,0.037158668,5,0.020339291,2,0.019377665,4
24020,105732,2686,55014,3628,7460,175271,0.603248683,0.01532484,0.313879649,0.020699374,0.04256266,0.603248683,1,0.289369034,0.313879649,3,0.04256266,5,0.020699374,4,0.01532484,2
24030,71086,2153,41681,2324,4695,122502,0.580284404,0.017575223,0.340247506,0.018971119,0.038325905,0.580284404,1,0.240036897,0.340247506,3,0.038325905,5,0.018971119,4,0.017575223,2
24040,152070,3608,78668,4974,10773,251077,0.60567077,0.014370094,0.313322208,0.019810656,0.042907156,0.60567077,1,0.292348562,0.313322208,3,0.042907156,5,0.019810656,4,0.014370094,2
24050,138873,3028,58043,4408,10536,216004,0.64291865,0.014018259,0.268712616,0.020407029,0.048776875,0.64291865,1,0.374206033,0.268712616,3,0.048776875,5,0.020407029,4,0.014018259,2
25010,49392,30537,31058,6468,7889,125981,0.39205912,0.242393694,0.246529239,0.051341075,0.062620554,0.39205912,1,0.145529881,0.246529239,3,0.242393694,2,0.062620554,5,0.051341075,4
25020,53116,34957,33550,7492,8262,138058,0.38473685,0.253205175,0.243013806,0.054267047,0.059844413,0.38473685,1,0.131531675,0.253205175,2,0.243013806,3,0.059844413,5,0.054267047,4
25030,114722,54622,62471,17033,18098,267975,0.4281071,0.203832447,0.233122493,0.063561899,0.067536151,0.4281071,1,0.194984607,0.233122493,3,0.203832447,2,0.067536151,5,0.063561899,4
25040,87794,31439,40695,13548,12180,186253,0.471369589,0.168797281,0.218493125,0.072739768,0.06539492,0.471369589,1,0.252876464,0.218493125,3,0.168797281,2,0.072739768,4,0.06539492,5
25050,40946,23749,25580,5809,7066,103676,0.394941934,0.229069409,0.246730198,0.056030325,0.068154636,0.394941934,1,0.148211737,0.246730198,3,0.229069409,2,0.068154636,5,0.056030325,4
26010,49513,44517,23466,10683,10719,139602,0.354672569,0.318885116,0.168092148,0.076524692,0.076782568,0.354672569,1,0.035787453,0.318885116,2,0.168092148,3,0.076782568,5,0.076524692,4
26020,70495,58925,34631,15913,13867,194672,0.362121928,0.302688625,0.177894099,0.081742623,0.071232637,0.362121928,1,0.059433303,0.302688625,2,0.177894099,3,0.081742623,4,0.071232637,5
26030,39941,22060,17283,7244,10368,97429,0.40994981,0.226421291,0.177390715,0.074351579,0.106415954,0.40994981,1,0.183528518,0.226421291,2,0.177390715,3,0.106415954,5,0.074351579,4
26040,46033,24351,17622,8669,11387,108642,0.423712745,0.224139835,0.162202463,0.079794186,0.104812135,0.423712745,1,0.199572909,0.224139835,2,0.162202463,3,0.104812135,5,0.079794186,4
26310,41096,38512,20391,9252,7712,117693,0.349179645,0.327224219,0.173255844,0.078611302,0.065526412,0.349179645,1,0.021955426,0.327224219,2,0.173255844,3,0.078611302,4,0.065526412,5
29010,64561,20297,27374,7249,7424,127480,0.506440226,0.159217132,0.214731723,0.056863822,0.058236586,0.506440226,1,0.291708503,0.214731723,3,0.159217132,2,0.058236586,5,0.056863822,4
31011,70498,34015,38214,11837,11810,167119,0.421843118,0.203537599,0.228663408,0.070829768,0.070668206,0.421843118,1,0.19317971,0.228663408,3,0.203537599,2,0.070829768,4,0.070668206,5
31012,82012,38959,45130,13339,13253,193619,0.423574133,0.201214757,0.233086629,0.068893032,0.068448861,0.423574133,1,0.190487504,0.233086629,3,0.201214757,2,0.068893032,4,0.068448861,5
31013,41899,25294,24701,6929,6958,106307,0.394132089,0.237933532,0.232355348,0.065179151,0.065451946,0.394132089,1,0.156198557,0.237933532,2,0.232355348,3,0.065451946,5,0.065179151,4
31014,90314,29753,40871,15760,12662,189947,0.475469473,0.156638431,0.215170548,0.082970513,0.0666607,0.475469473,1,0.260298925,0.215170548,3,0.156638431,2,0.082970513,4,0.0666607,5
31021,54197,25563,32434,7854,8062,128856,0.420601291,0.198384243,0.251707332,0.06095176,0.062565965,0.420601291,1,0.168893959,0.251707332,3,0.198384243,2,0.062565965,5,0.06095176,4
31022,52919,25158,32003,7219,7953,126106,0.419639034,0.199498834,0.253778567,0.057245492,0.063065992,0.419639034,1,0.165860467,0.253778567,3,0.199498834,2,0.063065992,5,0.057245492,4
31023,121024,65211,65494,26825,17263,296843,0.407703736,0.219681785,0.220635151,0.090367635,0.058155321,0.407703736,1,0.187068585,0.220635151,3,0.219681785,2,0.090367635,4,0.058155321,5
31030,97272,52935,58748,15267,15960,241322,0.403079703,0.219354224,0.243442372,0.063264021,0.066135703,0.403079703,1,0.159637331,0.243442372,3,0.219354224,2,0.066135703,5,0.063264021,4
31041,61245,32507,34579,9597,9773,148391,0.412727187,0.219063151,0.233026262,0.064673734,0.065859789,0.412727187,1,0.179700925,0.233026262,3,0.219063151,2,0.065859789,5,0.064673734,4
31042,88461,39527,46366,15488,13263,203780,0.434100501,0.193968986,0.227529689,0.076003533,0.065084895,0.434100501,1,0.206570812,0.227529689,3,0.193968986,2,0.076003533,4,0.065084895,5
31050,212255,93288,116010,30121,32204,486005,0.43673419,0.191948643,0.238701248,0.061976729,0.066262693,0.43673419,1,0.198032942,0.238701248,3,0.191948643,2,0.066262693,5,0.061976729,4
31060,86912,36238,46986,12245,12585,195754,0.443985819,0.1851201,0.240025747,0.062553,0.064289874,0.443985819,1,0.203960072,0.240025747,3,0.1851201,2,0.064289874,5,0.062553,4
31070,91329,58061,57413,16837,17548,242563,0.376516616,0.239364619,0.236693148,0.069412895,0.072344092,0.376516616,1,0.137151998,0.239364619,2,0.236693148,3,0.072344092,5,0.069412895,4
31080,17053,14843,11625,2769,3183,49776,0.342594825,0.298195918,0.233546287,0.055629219,0.06394648,0.342594825,1,0.044398907,0.298195918,2,0.233546287,3,0.06394648,5,0.055629219,4
31091,86381,36611,49275,12472,14436,200104,0.431680526,0.182959861,0.246246952,0.06232759,0.072142486,0.431680526,1,0.185433575,0.246246952,3,0.182959861,2,0.072142486,5,0.06232759,4
31092,71206,31069,40971,10499,11505,166007,0.42893372,0.187154759,0.246802846,0.063244321,0.069304306,0.42893372,1,0.182130874,0.246802846,3,0.187154759,2,0.069304306,5,0.063244321,4
31101,103515,50185,54546,15681,26046,251022,0.412374214,0.199922716,0.217295695,0.062468628,0.10375983,0.412374214,1,0.195078519,0.217295695,3,0.199922716,2,0.10375983,5,0.062468628,4
31103,69744,31484,35968,12039,12894,162703,0.428658353,0.193505959,0.221065377,0.073993719,0.079248692,0.428658353,1,0.207592976,0.221065377,3,0.193505959,2,0.079248692,5,0.073993719,4
31104,74066,31914,36624,12137,12448,167743,0.441544506,0.190255331,0.218333999,0.072354733,0.07420876,0.441544506,1,0.223210507,0.218333999,3,0.190255331,2,0.07420876,5,0.072354733,4
31110,13535,8086,7432,2838,2271,34306,0.394537399,0.23570221,0.216638489,0.082726054,0.066198333,0.394537399,1,0.158835189,0.23570221,2,0.216638489,3,0.082726054,4,0.066198333,5
31120,44816,24104,25706,7188,7255,109500,0.409278539,0.220127854,0.234757991,0.065643836,0.066255708,0.409278539,1,0.174520548,0.234757991,3,0.220127854,2,0.066255708,5,0.065643836,4
31130,143924,79083,82465,22206,22660,351765,0.409148153,0.224817705,0.234432078,0.063127372,0.064418006,0.409148153,1,0.174716075,0.234432078,3,0.224817705,2,0.064418006,5,0.063127372,4
31140,45426,19950,24209,6805,7258,104058,0.436545004,0.191720002,0.2326491,0.065396221,0.069749563,0.436545004,1,0.203895904,0.2326491,3,0.191720002,2,0.069749563,5,0.065396221,4
31150,91611,39788,52214,12943,15073,212721,0.430662699,0.187043122,0.245457665,0.060844957,0.070858072,0.430662699,1,0.185205034,0.245457665,3,0.187043122,2,0.070858072,5,0.060844957,4
31160,72636,32173,37566,11412,10954,165433,0.439065966,0.194477523,0.227076823,0.068982609,0.066214117,0.439065966,1,0.211989144,0.227076823,3,0.194477523,2,0.068982609,4,0.066214117,5
31170,37020,19132,20668,6385,5718,89260,0.414743446,0.21434013,0.231548286,0.071532601,0.064060049,0.414743446,1,0.18319516,0.231548286,3,0.21434013,2,0.071532601,4,0.064060049,5
31180,48970,28718,27247,8334,6842,120553,0.406211376,0.238218875,0.226016773,0.069131419,0.05675512,0.406211376,1,0.167992501,0.238218875,2,0.226016773,3,0.069131419,4,0.05675512,5
31191,43219,30242,28383,7323,7826,117577,0.367580394,0.257210169,0.241399253,0.062282589,0.066560637,0.367580394,1,0.110370225,0.257210169,2,0.241399253,3,0.066560637,5,0.062282589,4
31192,98906,48098,48194,16252,13321,225560,0.438490867,0.213238163,0.21366377,0.072051782,0.059057457,0.438490867,1,0.224827097,0.21366377,3,0.213238163,2,0.072051782,4,0.059057457,5
31193,81119,45690,40968,16011,10722,195124,0.41573051,0.234158791,0.209958795,0.082055513,0.054949673,0.41573051,1,0.181571718,0.234158791,2,0.209958795,3,0.082055513,4,0.054949673,5
31200,93657,50884,49209,14739,17624,227343,0.411963421,0.223820395,0.216452673,0.064831554,0.07752163,0.411963421,1,0.188143026,0.223820395,2,0.216452673,3,0.07752163,5,0.064831554,4
31210,38022,30972,23626,6680,7276,107165,0.354798675,0.289012271,0.220463771,0.062333784,0.067895302,0.354798675,1,0.065786404,0.289012271,2,0.220463771,3,0.067895302,5,0.062333784,4
31220,34236,24784,22701,5487,6613,94405,0.362650283,0.262528468,0.240463958,0.058121922,0.070049256,0.362650283,1,0.100121816,0.262528468,2,0.240463958,3,0.070049256,5,0.058121922,4
31230,82107,44346,45786,13798,12480,199342,0.411890118,0.2224619,0.229685666,0.069217726,0.062605974,0.411890118,1,0.182204453,0.229685666,3,0.2224619,2,0.069217726,4,0.062605974,5
31240,154226,61817,75239,22597,22205,337516,0.456944263,0.183152799,0.222919802,0.0669509,0.065789474,0.456944263,1,0.234024461,0.222919802,3,0.183152799,2,0.0669509,4,0.065789474,5
31250,66335,40328,40820,10457,10524,169256,0.391921114,0.238266295,0.241173134,0.061782152,0.062178003,0.391921114,1,0.150747979,0.241173134,3,0.238266295,2,0.062178003,5,0.061782152,4
31260,39898,27208,25564,6558,6790,106584,0.374333859,0.255272836,0.239848382,0.061528935,0.063705622,0.374333859,1,0.119061022,0.255272836,2,0.239848382,3,0.063705622,5,0.061528935,4
31270,23515,26014,20253,4995,4698,79984,0.293996299,0.325240048,0.253213143,0.06244999,0.058736747,0.325240048,2,0.031243749,0.293996299,1,0.253213143,3,0.06244999,4,0.058736747,5
31280,17291,19891,12676,3286,3704,57234,0.302110634,0.347538177,0.221476745,0.057413426,0.064716777,0.347538177,2,0.045427543,0.302110634,1,0.221476745,3,0.064716777,5,0.057413426,4
31350,6836,8824,5987,1576,1298,24719,0.276548404,0.356972369,0.242202354,0.063756624,0.052510215,0.356972369,2,0.080423965,0.276548404,1,0.242202354,3,0.063756624,4,0.052510215,5
31370,8934,12710,7880,1861,1728,33477,0.266869791,0.37966365,0.235385489,0.055590405,0.051617528,0.37966365,2,0.112793858,0.266869791,1,0.235385489,3,0.055590405,4,0.051617528,5
31380,17198,22338,13510,3456,3405,60325,0.285089101,0.37029424,0.223953585,0.057289681,0.05644426,0.37029424,2,0.085205139,0.285089101,1,0.223953585,3,0.057289681,4,0.05644426,5
32010,59010,41092,35384,10942,11178,158391,0.372559047,0.259433932,0.223396531,0.069082208,0.070572192,0.372559047,1,0.113125114,0.259433932,2,0.223396531,3,0.070572192,5,0.069082208,4
32020,67743,47879,41467,11898,12463,182486,0.371222998,0.262370812,0.22723387,0.065199522,0.06829565,0.371222998,1,0.108852186,0.262370812,2,0.22723387,3,0.06829565,5,0.065199522,4
32030,36221,42437,24508,8452,7129,119451,0.303228939,0.355267013,0.205171995,0.070757047,0.059681376,0.355267013,2,0.052038074,0.303228939,1,0.205171995,3,0.070757047,4,0.059681376,5
32040,14692,17921,9948,3270,2843,49024,0.299689948,0.365555646,0.202921018,0.066702023,0.057992004,0.365555646,2,0.065865698,0.299689948,1,0.202921018,3,0.066702023,4,0.057992004,5
32050,8113,9470,4402,1221,1404,24766,0.327586207,0.382379068,0.177743681,0.049301462,0.056690624,0.382379068,2,0.054792861,0.327586207,1,0.177743681,3,0.056690624,5,0.049301462,4
32060,12764,12970,9843,2897,2558,41232,0.309565386,0.314561506,0.238722352,0.070260962,0.062039193,0.314561506,2,0.00499612,0.309565386,1,0.238722352,3,0.070260962,4,0.062039193,5
32070,11071,15002,7149,2272,2243,38061,0.290875174,0.394156748,0.187830062,0.05969365,0.058931715,0.394156748,2,0.103281574,0.290875174,1,0.187830062,3,0.05969365,4,0.058931715,5
32310,11775,12456,9051,2419,2210,38234,0.307971962,0.325783334,0.236726474,0.063268295,0.057801956,0.325783334,2,0.017811372,0.307971962,1,0.236726474,3,0.063268295,4,0.057801956,5
32320,7179,9657,5671,1342,1260,25338,0.283329387,0.381127161,0.223814034,0.052963928,0.049727682,0.381127161,2,0.097797774,0.283329387,1,0.223814034,3,0.052963928,4,0.049727682,5
32330,6573,8090,5025,1215,1110,22210,0.295947771,0.364250338,0.226249437,0.054705088,0.049977488,0.364250338,2,0.068302566,0.295947771,1,0.226249437,3,0.054705088,4,0.049977488,5
32340,7100,8504,5268,1234,1261,23559,0.301371026,0.360966085,0.223608812,0.052379133,0.053525192,0.360966085,2,0.059595059,0.301371026,1,0.223608812,3,0.053525192,5,0.052379133,4
32350,7022,7765,3963,961,969,20903,0.335932641,0.371477778,0.189590011,0.045974262,0.046356982,0.371477778,2,0.035545137,0.335932641,1,0.189590011,3,0.046356982,5,0.045974262,4
32360,7499,7766,6217,1815,1507,24982,0.300176127,0.310863822,0.248859179,0.07265231,0.060323433,0.310863822,2,0.010687695,0.300176127,1,0.248859179,3,0.07265231,4,0.060323433,5
32370,4095,4526,3378,1159,874,14166,0.289072427,0.319497388,0.23845828,0.081815615,0.061697021,0.319497388,2,0.030424961,0.289072427,1,0.23845828,3,0.081815615,4,0.061697021,5
32380,3687,3892,3113,1090,740,12666,0.291094268,0.30727933,0.245776093,0.086057161,0.058424128,0.30727933,2,0.016185062,0.291094268,1,0.245776093,3,0.086057161,4,0.058424128,5
32390,5427,5485,4182,1369,1029,17681,0.306939653,0.31022001,0.236525083,0.077427747,0.058198066,0.31022001,2,0.003280357,0.306939653,1,0.236525083,3,0.077427747,4,0.058198066,5
32400,4548,6091,3442,978,721,15926,0.285570765,0.382456361,0.216124576,0.061409017,0.045271882,0.382456361,2,0.096885596,0.285570765,1,0.216124576,3,0.061409017,4,0.045271882,5
32410,4162,6288,3443,898,786,15730,0.264589955,0.399745709,0.218881119,0.057088366,0.049968214,0.399745709,2,0.135155753,0.264589955,1,0.218881119,3,0.057088366,4,0.049968214,5
33020,38172,36585,25980,6207,6919,114543,0.33325476,0.319399701,0.226814384,0.054189256,0.060405263,0.33325476,1,0.013855059,0.319399701,2,0.226814384,3,0.060405263,5,0.054189256,4
33030,24608,25639,15994,4308,4407,75489,0.325981269,0.339638888,0.211871928,0.057067917,0.058379367,0.339638888,2,0.013657619,0.325981269,1,0.211871928,3,0.058379367,5,0.057067917,4
33041,36587,25173,19553,5545,6266,93679,0.390557115,0.268715507,0.208723407,0.059191494,0.06688799,0.390557115,1,0.121841608,0.268715507,2,0.208723407,3,0.06688799,5,0.059191494,4
33042,48217,27881,25378,7135,7981,117118,0.411695896,0.238059052,0.216687443,0.060921464,0.068144948,0.411695896,1,0.173636845,0.238059052,2,0.216687443,3,0.068144948,5,0.060921464,4
33043,57407,28487,28901,8432,9885,133742,0.429236889,0.212999656,0.216095168,0.063046762,0.073910963,0.429236889,1,0.213141721,0.216095168,3,0.212999656,2,0.073910963,5,0.063046762,4
33044,43435,22063,21389,6195,7079,100697,0.431343536,0.219102853,0.212409506,0.061521197,0.070300009,0.431343536,1,0.212240682,0.219102853,2,0.212409506,3,0.070300009,5,0.061521197,4
33320,6133,7035,4378,818,877,19489,0.314690338,0.360972856,0.22463954,0.041972395,0.044999743,0.360972856,2,0.046282518,0.314690338,1,0.22463954,3,0.044999743,5,0.041972395,4
33330,9491,9658,6702,1245,1561,29003,0.327242009,0.333000034,0.231079543,0.042926594,0.053822018,0.333000034,2,0.005758025,0.327242009,1,0.231079543,3,0.053822018,5,0.042926594,4
33340,8469,10179,6110,1343,1431,27824,0.304377516,0.36583525,0.219594595,0.048267683,0.05143042,0.36583525,2,0.061457734,0.304377516,1,0.219594595,3,0.05143042,5,0.048267683,4
33350,13542,9453,8452,1855,2497,36040,0.375749168,0.262291898,0.234517203,0.051470588,0.069284129,0.375749168,1,0.11345727,0.262291898,2,0.234517203,3,0.069284129,5,0.051470588,4
33360,6266,8625,5157,819,927,22039,0.28431417,0.391351695,0.233994283,0.037161396,0.0420618,0.391351695,2,0.107037524,0.28431417,1,0.233994283,3,0.0420618,5,0.037161396,4
33370,17156,13866,11826,2406,2986,48636,0.352742824,0.285097459,0.24315322,0.049469529,0.061394852,0.352742824,1,0.067645366,0.285097459,2,0.24315322,3,0.061394852,5,0.049469529,4
33380,4730,7424,3561,805,782,17489,0.270455715,0.424495397,0.2036137,0.046028932,0.04471382,0.424495397,2,0.154039682,0.270455715,1,0.2036137,3,0.046028932,4,0.04471382,5
33390,6829,5177,4565,992,1217,18909,0.361150775,0.27378497,0.24141943,0.052461791,0.064360886,0.361150775,1,0.087365805,0.27378497,2,0.24141943,3,0.064360886,5,0.052461791,4
34011,51226,32269,31108,7689,9427,132398,0.386909168,0.243727247,0.234958232,0.058074895,0.071201982,0.386909168,1,0.143181921,0.243727247,2,0.234958232,3,0.071201982,5,0.058074895,4
34012,81333,33920,42500,12355,14109,185001,0.439635461,0.18335036,0.229728488,0.066783423,0.076264453,0.439635461,1,0.209906973,0.229728488,3,0.18335036,2,0.076264453,5,0.066783423,4
34020,21090,17166,14176,2381,3146,58422,0.360994146,0.293827668,0.242648317,0.040755195,0.053849577,0.360994146,1,0.067166478,0.293827668,2,0.242648317,3,0.053849577,5,0.040755195,4
34030,17461,18349,13865,2278,2884,55239,0.316099133,0.332174732,0.251000199,0.04123898,0.05220949,0.332174732,2,0.016075599,0.316099133,1,0.251000199,3,0.05220949,5,0.04123898,4
34040,64143,33994,34282,8737,11582,153477,0.417932329,0.221492471,0.223368974,0.056927097,0.075464076,0.417932329,1,0.194563355,0.223368974,3,0.221492471,2,0.075464076,5,0.056927097,4
34050,32425,22999,20957,4656,6024,87628,0.370030127,0.26246177,0.239158716,0.053133702,0.06874515,0.370030127,1,0.107568357,0.26246177,2,0.239158716,3,0.06874515,5,0.053133702,4
34060,24191,15670,17018,2847,3134,63358,0.381814451,0.247324726,0.26860065,0.044935131,0.049464945,0.381814451,1,0.113213801,0.26860065,3,0.247324726,2,0.049464945,5,0.044935131,4
34070,7861,5495,5646,1800,1188,22115,0.355460095,0.248473887,0.255301831,0.08139272,0.053719195,0.355460095,1,0.100158264,0.255301831,3,0.248473887,2,0.08139272,4,0.053719195,5
34080,32266,21723,18579,4115,6575,83966,0.384274587,0.25871186,0.221268132,0.049007932,0.078305505,0.384274587,1,0.125562728,0.25871186,2,0.221268132,3,0.078305505,5,0.049007932,4
34310,9297,8690,7934,1026,1315,28565,0.32546823,0.304218449,0.277752494,0.035918082,0.046035358,0.32546823,1,0.021249781,0.304218449,2,0.277752494,3,0.046035358,5,0.035918082,4
34330,11157,13007,9952,1482,1884,37899,0.294387715,0.343201668,0.262592681,0.039103934,0.049711074,0.343201668,2,0.048813953,0.294387715,1,0.262592681,3,0.049711074,5,0.039103934,4
34340,10676,9345,7991,1262,1307,30848,0.346084025,0.302936981,0.259044346,0.04091027,0.042369035,0.346084025,1,0.043147044,0.302936981,2,0.259044346,3,0.042369035,5,0.04091027,4
34350,4998,6635,4583,632,849,17878,0.279561472,0.371126524,0.256348585,0.03535071,0.047488533,0.371126524,2,0.091565052,0.279561472,1,0.256348585,3,0.047488533,5,0.03535071,4
34360,17784,15633,12832,2581,3152,52321,0.33990176,0.298790161,0.245255251,0.049330097,0.060243497,0.33990176,1,0.0411116,0.298790161,2,0.245255251,3,0.060243497,5,0.049330097,4
34370,11325,17775,10080,1819,2147,43453,0.260626424,0.409062665,0.231974777,0.041861321,0.049409707,0.409062665,2,0.148436241,0.260626424,1,0.231974777,3,0.049409707,5,0.041861321,4
34380,10699,11778,7893,1248,1643,33486,0.319506659,0.351729081,0.235710446,0.037269307,0.049065281,0.351729081,2,0.032222421,0.319506659,1,0.235710446,3,0.049065281,5,0.037269307,4
35011,136486,6119,44858,5660,10501,204343,0.667925987,0.02994475,0.219523057,0.027698526,0.051389086,0.667925987,1,0.44840293,0.219523057,3,0.051389086,5,0.02994475,2,0.027698526,4
35012,108420,4487,35513,4272,8973,162173,0.668545319,0.027667984,0.218982198,0.026342239,0.055329802,0.668545319,1,0.449563121,0.218982198,3,0.055329802,5,0.027667984,2,0.026342239,4
35020,98542,5672,38883,3829,7123,154633,0.637263715,0.036680398,0.251453441,0.024761855,0.046063906,0.637263715,1,0.385810273,0.251453441,3,0.046063906,5,0.036680398,2,0.024761855,4
35030,110287,5754,41617,4301,8119,170850,0.645519462,0.033678665,0.243587943,0.025174129,0.047521217,0.645519462,1,0.401931519,0.243587943,3,0.047521217,5,0.033678665,2,0.025174129,4
35040,40404,1895,18349,1107,2526,64768,0.623826581,0.029258276,0.283303483,0.017091774,0.039000741,0.623826581,1,0.340523098,0.283303483,3,0.039000741,5,0.029258276,2,0.017091774,4
35050,31868,1740,12727,849,1762,49350,0.645754813,0.035258359,0.257892604,0.017203647,0.035704154,0.645754813,1,0.387862209,0.257892604,3,0.035704154,5,0.035258359,2,0.017203647,4
35060,31146,1763,14293,911,1793,50166,0.620858749,0.035143324,0.284914085,0.01815971,0.035741339,0.620858749,1,0.335944664,0.284914085,3,0.035741339,5,0.035143324,2,0.01815971,4
35310,34539,1724,11981,1124,2606,52282,0.660628897,0.03297502,0.229161088,0.021498795,0.049845071,0.660628897,1,0.431467809,0.229161088,3,0.049845071,5,0.03297502,2,0.021498795,4
35320,9696,681,3330,268,540,14670,0.660940695,0.046421268,0.226993865,0.018268575,0.036809816,0.660940695,1,0.43394683,0.226993865,3,0.046421268,2,0.036809816,5,0.018268575,4
35330,8988,1071,3538,327,550,14601,0.615574276,0.07335114,0.24231217,0.022395726,0.037668653,0.615574276,1,0.373262105,0.24231217,3,0.07335114,2,0.037668653,5,0.022395726,4
35340,9064,621,2953,241,498,13530,0.669918699,0.045898004,0.218255728,0.017812269,0.036807095,0.669918699,1,0.451662971,0.218255728,3,0.045898004,2,0.036807095,5,0.017812269,4
35350,10534,645,4282,264,649,16590,0.63496082,0.038878843,0.258107294,0.015913201,0.039119952,0.63496082,1,0.376853526,0.258107294,3,0.039119952,5,0.038878843,2,0.015913201,4
35360,10181,557,4852,232,527,16628,0.612280491,0.033497715,0.291796969,0.013952369,0.031693529,0.612280491,1,0.320483522,0.291796969,3,0.033497715,2,0.031693529,5,0.013952369,4
35370,20364,1037,9997,527,1045,33411,0.609499865,0.031037682,0.299212834,0.015773248,0.031277124,0.609499865,1,0.310287031,0.299212834,3,0.031277124,5,0.031037682,2,0.015773248,4
35380,19207,1284,8726,516,1240,31222,0.615175197,0.041124848,0.279482416,0.016526808,0.039715585,0.615175197,1,0.335692781,0.279482416,3,0.041124848,2,0.039715585,5,0.016526808,4
36010,67745,2224,49028,2391,6304,128231,0.528304388,0.0173437,0.382341244,0.018646037,0.049161279,0.528304388,1,0.145963145,0.382341244,3,0.049161279,5,0.018646037,4,0.0173437,2
36020,105383,3761,46207,3312,6089,165741,0.635829396,0.022692032,0.278790402,0.019982986,0.036738043,0.635829396,1,0.357038995,0.278790402,3,0.036738043,5,0.022692032,2,0.019982986,4
36030,108734,3958,36318,3436,6107,159821,0.68034864,0.024765206,0.227241727,0.021499052,0.038211499,0.68034864,1,0.453106913,0.227241727,3,0.038211499,5,0.024765206,2,0.021499052,4
36040,36523,1177,18170,1072,1993,59456,0.614286195,0.019796152,0.305604144,0.01803014,0.033520587,0.614286195,1,0.308682051,0.305604144,3,0.033520587,5,0.019796152,2,0.01803014,4
36060,55236,3552,17660,2409,3588,82975,0.665694486,0.042808075,0.212835191,0.029032841,0.04324194,0.665694486,1,0.452859295,0.212835191,3,0.04324194,5,0.042808075,2,0.029032841,4
36310,16220,572,8485,401,842,26826,0.604637292,0.021322597,0.316297622,0.014948185,0.03138746,0.604637292,1,0.28833967,0.316297622,3,0.03138746,5,0.021322597,2,0.014948185,4
36320,10004,525,5879,229,574,17467,0.572737162,0.030056678,0.336577546,0.013110437,0.032861968,0.572737162,1,0.236159615,0.336577546,3,0.032861968,5,0.030056678,2,0.013110437,4
36330,10152,544,4587,191,483,16135,0.629191199,0.033715525,0.284288813,0.01183762,0.029934924,0.629191199,1,0.344902386,0.284288813,3,0.033715525,2,0.029934924,5,0.01183762,4
36350,23363,1166,14211,507,882,40936,0.570720149,0.028483486,0.347151651,0.012385187,0.021545828,0.570720149,1,0.223568497,0.347151651,3,0.028483486,2,0.021545828,5,0.012385187,4
36360,13856,612,9334,372,672,25200,0.54984127,0.024285714,0.370396825,0.014761905,0.026666667,0.54984127,1,0.179444444,0.370396825,3,0.026666667,5,0.024285714,2,0.014761905,4
36370,21527,641,12057,510,1260,36440,0.590751921,0.01759056,0.330872667,0.013995609,0.034577387,0.590751921,1,0.259879254,0.330872667,3,0.034577387,5,0.01759056,2,0.013995609,4
36380,12324,538,8609,367,735,22995,0.535942596,0.023396391,0.374385736,0.015959991,0.03196347,0.535942596,1,0.16155686,0.374385736,3,0.03196347,5,0.023396391,2,0.015959991,4
36390,10169,648,9135,345,665,21187,0.479964129,0.030584793,0.431160617,0.01628357,0.031387171,0.479964129,1,0.048803512,0.431160617,3,0.031387171,5,0.030584793,2,0.01628357,4
36400,21729,987,16401,545,1157,41221,0.527134228,0.023944106,0.397879722,0.013221416,0.028068218,0.527134228,1,0.129254506,0.397879722,3,0.028068218,5,0.023944106,2,0.013221416,4
36410,15148,659,11837,462,1338,29694,0.510136728,0.022193036,0.39863272,0.015558699,0.045059608,0.510136728,1,0.111504008,0.39863272,3,0.045059608,5,0.022193036,2,0.015558699,4
36420,23963,789,15365,661,1758,42826,0.559543268,0.018423388,0.358777378,0.015434549,0.04104983,0.559543268,1,0.20076589,0.358777378,3,0.04104983,5,0.018423388,2,0.015434549,4
36430,11067,370,6735,243,574,19171,0.577278181,0.019299984,0.351311877,0.012675395,0.029941057,0.577278181,1,0.225966303,0.351311877,3,0.029941057,5,0.019299984,2,0.012675395,4
36440,16966,682,10375,467,989,30057,0.564460858,0.022690222,0.345177496,0.015537146,0.032904149,0.564460858,1,0.219283362,0.345177496,3,0.032904149,5,0.022690222,2,0.015537146,4
36450,14028,699,8612,473,832,24878,0.563871694,0.028097114,0.346169306,0.019012782,0.033443203,0.563871694,1,0.217702388,0.346169306,3,0.033443203,5,0.028097114,2,0.019012782,4
36460,17846,627,9834,365,690,29690,0.601077804,0.021118222,0.331222634,0.012293702,0.023240148,0.601077804,1,0.26985517,0.331222634,3,0.023240148,5,0.021118222,2,0.012293702,4
36470,8593,428,8063,236,485,18034,0.476488854,0.023732949,0.447099922,0.013086392,0.026893645,0.476488854,1,0.029388932,0.447099922,3,0.026893645,5,0.023732949,2,0.013086392,4
36480,10361,529,9697,259,492,21610,0.479453957,0.024479408,0.448727441,0.011985192,0.022767237,0.479453957,1,0.030726516,0.448727441,3,0.024479408,2,0.022767237,5,0.011985192,4
37011,29504,62194,21835,12359,7417,134035,0.22012161,0.464013131,0.162905211,0.092207259,0.055336293,0.464013131,2,0.243891521,0.22012161,1,0.162905211,3,0.092207259,4,0.055336293,5
37012,32306,71980,23218,14769,7973,151015,0.213925769,0.476641393,0.153746317,0.097798232,0.05279608,0.476641393,2,0.262715624,0.213925769,1,0.153746317,3,0.097798232,4,0.05279608,5
37020,32139,75588,20632,11659,7709,148791,0.216000968,0.508014598,0.138664301,0.078358234,0.051810929,0.508014598,2,0.29201363,0.216000968,1,0.138664301,3,0.078358234,4,0.051810929,5
37030,18512,41333,11005,5109,4523,81108,0.228238891,0.509604478,0.135683286,0.062990087,0.055765153,0.509604478,2,0.281365587,0.228238891,1,0.135683286,3,0.062990087,4,0.055765153,5
37040,19398,50235,13579,7825,4190,95972,0.202121452,0.523433918,0.141489184,0.081534197,0.043658567,0.523433918,2,0.321312466,0.202121452,1,0.141489184,3,0.081534197,4,0.043658567,5
37050,53940,92910,36117,22058,13739,219919,0.245272123,0.422473729,0.164228648,0.100300565,0.062473001,0.422473729,2,0.177201606,0.245272123,1,0.164228648,3,0.100300565,4,0.062473001,5
37060,12863,32954,9273,5601,2576,63730,0.20183587,0.517087714,0.145504472,0.087886396,0.040420524,0.517087714,2,0.315251844,0.20183587,1,0.145504472,3,0.087886396,4,0.040420524,5
37070,9959,32932,7882,4537,2047,57962,0.171819468,0.56816535,0.135985646,0.078275422,0.035316242,0.56816535,2,0.396345882,0.171819468,1,0.135985646,3,0.078275422,4,0.035316242,5
37080,10005,35941,8162,3248,2029,60048,0.166616707,0.598537836,0.135924594,0.054090061,0.033789635,0.598537836,2,0.43192113,0.166616707,1,0.135924594,3,0.054090061,4,0.033789635,5
37090,6924,26315,5927,2419,1542,43553,0.158978716,0.604206369,0.136087066,0.055541524,0.035405139,0.604206369,2,0.445227654,0.158978716,1,0.136087066,3,0.055541524,4,0.035405139,5
37100,29857,67020,21556,15478,7186,142000,0.210260563,0.471971831,0.151802817,0.109,0.050605634,0.471971831,2,0.261711268,0.210260563,1,0.151802817,3,0.109,4,0.050605634,5
37310,1593,10460,1531,716,298,14754,0.10797072,0.708960282,0.10376847,0.048529212,0.020197912,0.708960282,2,0.600989562,0.10797072,1,0.10376847,3,0.048529212,4,0.020197912,5
37320,4128,22319,4101,1663,705,33344,0.123800384,0.669355806,0.122990643,0.04987404,0.021143234,0.669355806,2,0.545555422,0.123800384,1,0.122990643,3,0.04987404,4,0.021143234,5
37330,2509,9910,1996,894,434,15964,0.157166124,0.620771736,0.12503132,0.056001002,0.027186169,0.620771736,2,0.463605613,0.157166124,1,0.12503132,3,0.056001002,4,0.027186169,5
37340,1790,6146,1470,529,333,10518,0.170184446,0.584331622,0.139760411,0.050294733,0.031660011,0.584331622,2,0.414147176,0.170184446,1,0.139760411,3,0.050294733,4,0.031660011,5
37350,2964,15277,2706,1188,572,22938,0.129217892,0.66601273,0.11797018,0.051791787,0.024936786,0.66601273,2,0.536794838,0.129217892,1,0.11797018,3,0.051791787,4,0.024936786,5
37360,4123,16126,2982,1711,695,26001,0.158570824,0.620206915,0.114687897,0.065805161,0.026729741,0.620206915,2,0.461636091,0.158570824,1,0.114687897,3,0.065805161,4,0.026729741,5
37370,2944,11983,2123,1162,643,19070,0.154378605,0.628369166,0.111326691,0.060933403,0.033717881,0.628369166,2,0.473990561,0.154378605,1,0.111326691,3,0.060933403,4,0.033717881,5
37380,4234,15175,2978,1554,1390,25613,0.16530668,0.592472573,0.116269082,0.060672315,0.054269316,0.592472573,2,0.427165892,0.16530668,1,0.116269082,3,0.060672315,4,0.054269316,5
37390,14095,29032,9818,5902,3574,62809,0.224410514,0.462226751,0.156315178,0.093967425,0.056902673,0.462226751,2,0.237816237,0.224410514,1,0.156315178,3,0.093967425,4,0.056902673,5
37400,4042,17635,3813,1431,739,28056,0.144069005,0.6285643,0.135906758,0.051005133,0.026340177,0.6285643,2,0.484495295,0.144069005,1,0.135906758,3,0.051005133,4,0.026340177,5
37410,3305,11726,2905,1139,723,20079,0.164599831,0.583993227,0.14467852,0.056725933,0.036007769,0.583993227,2,0.419393396,0.164599831,1,0.14467852,3,0.056725933,4,0.036007769,5
37420,5684,15959,3844,1790,1113,28683,0.198166161,0.556392288,0.134016665,0.062406303,0.038803472,0.556392288,2,0.358226127,0.198166161,1,0.134016665,3,0.062406303,4,0.038803472,5
37430,986,3017,739,351,162,5291,0.186354186,0.57021357,0.13967114,0.066339066,0.030618031,0.57021357,2,0.383859384,0.186354186,1,0.13967114,3,0.066339066,4,0.030618031,5
38030,64933,88971,23381,12771,9623,200816,0.323345749,0.443047367,0.116429966,0.06359553,0.047919488,0.443047367,2,0.119701617,0.323345749,1,0.116429966,3,0.06359553,4,0.047919488,5
38050,21975,34406,9477,4497,3386,74247,0.295971554,0.463399195,0.127641521,0.060568104,0.045604536,0.463399195,2,0.16742764,0.295971554,1,0.127641521,3,0.060568104,4,0.045604536,5
38060,18841,30417,7088,3357,2629,62749,0.300259765,0.484740793,0.112957975,0.053498861,0.041897082,0.484740793,2,0.184481028,0.300259765,1,0.112957975,3,0.053498861,4,0.041897082,5
38070,132713,77010,39978,19113,15014,284941,0.465756069,0.270266476,0.140302729,0.067077044,0.05269161,0.465756069,1,0.195489593,0.270266476,2,0.140302729,3,0.067077044,4,0.05269161,5
38080,17621,30242,7820,3740,2335,62194,0.28332315,0.486252693,0.125735602,0.060134418,0.037543815,0.486252693,2,0.202929543,0.28332315,1,0.125735602,3,0.060134418,4,0.037543815,5
38090,60159,35978,17743,9335,8820,132676,0.4534279,0.271171877,0.133731798,0.070359372,0.066477735,0.4534279,1,0.182256022,0.271171877,2,0.133731798,3,0.070359372,4,0.066477735,5
38100,74122,54838,27656,12234,9196,178859,0.414415825,0.306599053,0.154624593,0.068400248,0.051414802,0.414415825,1,0.107816772,0.306599053,2,0.154624593,3,0.068400248,4,0.051414802,5
38111,51965,52138,19488,10115,8104,142500,0.364666667,0.365880702,0.136757895,0.070982456,0.056870175,0.365880702,2,0.001214035,0.364666667,1,0.136757895,3,0.070982456,4,0.056870175,5
38112,55279,38373,19571,10491,9221,133429,0.414295243,0.287591153,0.146677259,0.078626086,0.069107915,0.414295243,1,0.12670409,0.287591153,2,0.146677259,3,0.078626086,4,0.069107915,5
38113,30513,51049,12697,6347,4846,105899,0.288133032,0.482053655,0.119897261,0.059934466,0.045760583,0.482053655,2,0.193920622,0.288133032,1,0.119897261,3,0.059934466,4,0.045760583,5
38114,39155,52541,15353,7787,5956,121323,0.32273353,0.433067102,0.126546492,0.064184038,0.049092093,0.433067102,2,0.110333572,0.32273353,1,0.126546492,3,0.064184038,4,0.049092093,5
38115,36057,37066,15159,7346,5283,101368,0.35570397,0.365657801,0.149544235,0.072468629,0.052117039,0.365657801,2,0.009953832,0.35570397,1,0.149544235,3,0.072468629,4,0.052117039,5
38310,4019,9222,1582,612,513,16224,0.247719428,0.56841716,0.097509862,0.037721893,0.031619822,0.56841716,2,0.320697732,0.247719428,1,0.097509862,3,0.037721893,4,0.031619822,5
38320,11190,18018,4456,1915,1552,37411,0.299109887,0.481623052,0.119109353,0.051188153,0.041485125,0.481623052,2,0.182513165,0.299109887,1,0.119109353,3,0.051188153,4,0.041485125,5
38330,8206,22528,3160,1527,1064,36821,0.222861954,0.611824774,0.085820592,0.0414709,0.028896554,0.611824774,2,0.38896282,0.222861954,1,0.085820592,3,0.0414709,4,0.028896554,5
38340,8102,15581,3419,1422,1144,29931,0.270689252,0.520563964,0.114229394,0.047509271,0.038221242,0.520563964,2,0.249874712,0.270689252,1,0.114229394,3,0.047509271,4,0.038221242,5
38350,7364,13311,3388,1328,970,26633,0.27649908,0.499793489,0.127210603,0.049862952,0.036420981,0.499793489,2,0.223294409,0.27649908,1,0.127210603,3,0.049862952,4,0.036420981,5
38360,8841,13306,3372,1343,1070,28328,0.312094041,0.469711946,0.119034171,0.047408924,0.037771816,0.469711946,2,0.157617905,0.312094041,1,0.119034171,3,0.047408924,4,0.037771816,5
38370,5117,11381,2264,901,684,20619,0.248169164,0.551966633,0.109801639,0.043697561,0.033173287,0.551966633,2,0.303797468,0.248169164,1,0.109801639,3,0.043697561,4,0.033173287,5
38380,6145,12168,2766,1088,822,23283,0.26392647,0.522613065,0.118799124,0.046729373,0.035304729,0.522613065,2,0.258686595,0.26392647,1,0.118799124,3,0.046729373,4,0.035304729,5
38390,9482,18979,4219,2039,1526,36615,0.258964905,0.518339478,0.115226,0.05568756,0.041676908,0.518339478,2,0.259374573,0.258964905,1,0.115226,3,0.05568756,4,0.041676908,5
38400,5604,18045,2452,924,746,28142,0.199132969,0.641212423,0.087129557,0.032833487,0.026508422,0.641212423,2,0.442079454,0.199132969,1,0.087129557,3,0.032833487,4,0.026508422,5
39010,113266,45233,50848,14612,20791,246157,0.460137229,0.183756708,0.206567353,0.059360489,0.084462355,0.460137229,1,0.253569876,0.206567353,3,0.183756708,2,0.084462355,5,0.059360489,4
39020,37031,18238,19259,4767,6572,86679,0.427219973,0.210408519,0.222187612,0.05499602,0.075819979,0.427219973,1,0.205032361,0.222187612,3,0.210408519,2,0.075819979,5,0.05499602,4
